company,title,location,url,sponsors_h1b,years_experience,posted_at,updated_at,date_kind,status,first_seen,status_updated,note
Datadog,Commercial Account Executive,"Denver, Colorado, USA",https://careers.datadoghq.com/detail/1694375/?gh_jid=1694375,True,,2019-05-16T15:41:10-04:00,2026-08-27T16:40:41-04:00,updated,new,2026-08-09,,
Datadog,Commercial Account Executive - Boston,"Boston, Massachusetts, USA",https://careers.datadoghq.com/detail/1497543/?gh_jid=1497543,True,,2019-04-17T14:46:26-04:00,2026-08-27T16:40:41-04:00,updated,new,2026-08-09,,
Datadog,Mid Market Account Executive,"New York, New York, USA",https://careers.datadoghq.com/detail/6665385/?gh_jid=6665385,True,,2025-03-03T13:31:19-05:00,2026-08-27T16:40:41-04:00,updated,new,2026-08-09,,
Datadog,Mid Market Account Executive,"Denver, Colorado, USA",https://careers.datadoghq.com/detail/6163246/?gh_jid=6163246,True,,2024-08-26T16:44:46-04:00,2026-08-27T16:40:41-04:00,updated,new,2026-08-09,,
Datadog,Mid-Market Account Executive - Boston,"Boston, Massachusetts, USA",https://careers.datadoghq.com/detail/6798820/?gh_jid=6798820,True,,2025-04-15T13:07:43-04:00,2026-08-27T16:40:41-04:00,updated,new,2026-08-09,,
Datadog,Mid-Market Account Executive - San Francisco,"San Francisco, California, USA",https://careers.datadoghq.com/detail/7082012/?gh_jid=7082012,True,,2025-07-22T16:10:54-04:00,2026-08-27T16:40:41-04:00,updated,new,2026-08-09,,
MongoDB,Associate Commercial Growth Account Executive,Austin,https://www.mongodb.com/careers/job/?gh_jid=7615794,True,,2026-07-20T17:58:11-04:00,2026-08-21T15:40:40-04:00,updated,new,2026-08-09,,
MongoDB,Inside Account Executive,United States,https://www.mongodb.com/careers/job/?gh_jid=7695258,True,3,,2026-08-06T11:17:09-04:00,updated,new,2026-08-09,,
Asana,Corporate Account Executive,Chicago,https://www.asana.com/jobs/apply/6981655?gh_jid=6981655,True,4,2025-06-13T10:27:15-04:00,2026-08-27T14:20:16-04:00,updated,new,2026-08-09,,
Asana,"SMB Account Executive, Client Management",Chicago,https://www.asana.com/jobs/apply/8029515?gh_jid=8029515,True,2,,2026-08-05T19:02:55-04:00,updated,new,2026-08-09,,
Stripe,"Account Executive, Existing Business, Platforms","New York, NY",https://stripe.com/jobs/search?gh_jid=7922618,True,5,2026-06-02T16:49:53-04:00,2026-08-18T17:38:43-04:00,updated,new,2026-08-09,,
Stripe,"Account Executive, Funded Startups - Expansion",San Francisco,https://stripe.com/jobs/search?gh_jid=8024368,True,5,,2026-08-11T17:51:56-04:00,updated,new,2026-08-09,,
Stripe,"Account Executive, Mid Market (Hunter)",Chicago,https://stripe.com/jobs/search?gh_jid=7863714,True,,,2026-08-06T12:10:03-04:00,updated,new,2026-08-09,,
Stripe,"Account Executive, Product Sales, Billing","South San Francisco, CA; New York, NY; Seattle, WA; Chicago, IL; Atlanta, GA; Washington DC",https://stripe.com/jobs/search?gh_jid=7393169,True,8,2026-02-04T10:14:44-05:00,2026-08-18T17:38:40-04:00,updated,new,2026-08-09,,
Stripe,"Account Executive, Scaled (Grower)",Chicago,https://stripe.com/jobs/search?gh_jid=8095679,True,2,2026-07-30T10:24:56-04:00,2026-08-27T12:09:43-04:00,updated,new,2026-08-09,,
Stripe,"Account Executive, SMB (Grower)",Chicago,https://stripe.com/jobs/search?gh_jid=7866501,True,2,,2026-08-06T12:10:03-04:00,updated,new,2026-08-09,,
Stripe,"Account Executive, SMB (Hunter)",Chicago and NYC,https://stripe.com/jobs/search?gh_jid=7277406,True,5,2025-12-03T11:34:54-05:00,2026-08-18T17:38:39-04:00,updated,new,2026-08-09,,
Stripe,"Account Executive, Startup Platforms ",San Francisco,https://stripe.com/jobs/search?gh_jid=7891728,True,3,,2026-08-06T12:10:03-04:00,updated,new,2026-08-09,,
Stripe,Sales Development Representative,"Chicago, Illinois",https://stripe.com/jobs/search?gh_jid=6570253,True,,2025-02-03T21:54:10-05:00,2026-08-18T17:38:38-04:00,updated,new,2026-08-09,,
Brex,"Account Executive, Mid Market","San Francisco, California, United States",https://www.brex.com/careers/7704415002?gh_jid=7704415002,,4,,2026-07-01T15:38:08-04:00,updated,new,2026-08-09,,
Brex,"Account Executive, Mid Market","Seattle, Washington, United States",https://www.brex.com/careers/8377280002?gh_jid=8377280002,,4,,2026-07-01T15:39:04-04:00,updated,new,2026-08-09,,
Brex,"Account Executive, Mid Market","New York, New York, United States",https://www.brex.com/careers/7704444002?gh_jid=7704444002,,4,,2026-07-01T15:38:25-04:00,updated,new,2026-08-09,,
Brex,"Account Executive, Mid Market","Salt Lake City, Utah, United States",https://www.brex.com/careers/7704446002?gh_jid=7704446002,,4,,2026-07-01T15:38:45-04:00,updated,new,2026-08-09,,
Brex,"Account Executive, Small Business","San Francisco, California, United States",https://www.brex.com/careers/8686667002?gh_jid=8686667002,,,2026-08-06T18:06:22-04:00,2026-08-19T09:52:59-04:00,updated,new,2026-08-09,,
Brex,"Account Executive, Small Business","Salt Lake City, Utah, United States",https://www.brex.com/careers/8688112002?gh_jid=8688112002,,,2026-08-06T18:06:24-04:00,2026-08-19T09:52:59-04:00,updated,new,2026-08-09,,
Brex,"Account Executive, Small Business","New York, New York, United States",https://www.brex.com/careers/8688110002?gh_jid=8688110002,,,2026-08-06T18:06:23-04:00,2026-08-19T09:52:59-04:00,updated,new,2026-08-09,,
Brex,Commercial Account Executive,"San Francisco, California, United States",https://www.brex.com/careers/8178536002?gh_jid=8178536002,,1,,2026-06-10T13:59:16-04:00,updated,new,2026-08-09,,
Brex,Commercial Account Executive,"Salt Lake City, Utah, United States",https://www.brex.com/careers/8178541002?gh_jid=8178541002,,1,,2026-06-10T13:59:16-04:00,updated,new,2026-08-09,,
Brex,Commercial Account Executive,"Seattle, Washington, United States",https://www.brex.com/careers/8178537002?gh_jid=8178537002,,1,,2026-06-10T13:59:16-04:00,updated,new,2026-08-09,,
Brex,Outbound Sales Development Representative,"San Francisco, California, United States",https://www.brex.com/careers/8614548002?gh_jid=8614548002,,,,2026-07-30T18:45:03-04:00,updated,new,2026-08-09,,
Brex,Outbound Sales Development Representative,"Salt Lake City, Utah, United States",https://www.brex.com/careers/8660043002?gh_jid=8660043002,,,2026-07-30T18:48:07-04:00,2026-07-30T18:48:07-04:00,updated,new,2026-08-09,,
Elastic,Inside Account Executive (Hunter),United States,https://jobs.elastic.co/jobs?gh_jid=8113280&gh_jid=8113280,True,2,2026-08-06T18:10:31-04:00,2026-08-27T11:26:09-04:00,updated,new,2026-08-09,,
Elastic,Inside Account Executive (Hunter),"Austin, TX",https://jobs.elastic.co/jobs?gh_jid=7997315&gh_jid=7997315,True,2,2026-06-10T13:40:45-04:00,2026-08-27T11:26:09-04:00,updated,new,2026-08-09,,
Elastic,Inside Account Executive (Hunter),"Arlington, VA",https://jobs.elastic.co/jobs?gh_jid=7993839&gh_jid=7993839,True,2,2026-06-10T13:40:42-04:00,2026-08-27T11:26:09-04:00,updated,new,2026-08-09,,
Elastic,Inside Account Executive (Hunter),"New York City, NY",https://jobs.elastic.co/jobs?gh_jid=7997314&gh_jid=7997314,True,2,2026-06-10T13:40:43-04:00,2026-08-27T11:26:09-04:00,updated,new,2026-08-09,,
Elastic,Mid Market Account Executive - Bay Area,"San Francisco, CA",https://jobs.elastic.co/jobs?gh_jid=8048350&gh_jid=8048350,True,,,2026-07-28T17:33:22-04:00,updated,new,2026-08-09,,
Elastic,"Mid Market Account Executive, Pursuit",United States,https://jobs.elastic.co/jobs?gh_jid=8048319&gh_jid=8048319,True,3,2026-07-24T10:46:22-04:00,2026-08-27T11:26:09-04:00,updated,new,2026-08-09,,
Elastic,Mid-Market Account Executive - Pursuit/Hunter (Northeast),"New York, United States",https://jobs.elastic.co/jobs?gh_jid=8048317&gh_jid=8048317,True,5,2026-07-22T16:59:06-04:00,2026-08-27T11:26:09-04:00,updated,new,2026-08-09,,
Elastic,Mid-Market Account Executive - Pursuit/Hunter (Southeast),"Florida, United States",https://jobs.elastic.co/jobs?gh_jid=8080011&gh_jid=8080011,True,5,2026-07-22T16:59:07-04:00,2026-08-27T11:26:09-04:00,updated,new,2026-08-09,,
Elastic,"Sales Development Representative Emerging Talent - Austin, TX On-Site","Austin, TX",https://jobs.elastic.co/jobs?gh_jid=6907907&gh_jid=6907907,True,0,2025-05-21T15:07:45-04:00,2026-08-27T11:26:09-04:00,updated,new,2026-08-09,,
Okta,"Business Development Representative, Central","Chicago, Illinois",https://www.okta.com/company/careers/opportunity/7008575?gh_jid=7008575,True,,,2026-07-31T11:23:35-04:00,updated,new,2026-08-09,,
Okta,"Business Development Representative, East","Washington, DC",https://www.okta.com/company/careers/opportunity/7013535?gh_jid=7013535,True,,2025-07-30T18:00:22-04:00,2026-08-24T12:51:52-04:00,updated,new,2026-08-09,,
Okta,"Business Development Representative, West","San Francisco, California",https://www.okta.com/company/careers/opportunity/7008470?gh_jid=7008470,True,,2025-12-16T14:59:52-05:00,2026-08-24T12:51:52-04:00,updated,new,2026-08-09,,
Okta,"Sales Development Representative, East","Washington, DC",https://www.okta.com/company/careers/opportunity/7013646?gh_jid=7013646,True,,2025-07-02T18:13:35-04:00,2026-08-24T12:51:52-04:00,updated,new,2026-08-09,,
Okta,"Sales Development Representative, West","San Francisco, California",https://www.okta.com/company/careers/opportunity/7013572?gh_jid=7013572,True,,2025-07-02T18:13:25-04:00,2026-08-24T12:51:52-04:00,updated,new,2026-08-09,,
Zscaler,"Account Executive, Commercial - Mountain West","Remote - Colorado, USA; Remote - Montana, USA; Remote - Oregon, USA; Remote - Wyoming, USA",https://job-boards.greenhouse.io/zscaler/jobs/5203734007,True,,2026-08-05T13:37:58-04:00,2026-08-19T17:21:57-04:00,updated,new,2026-08-09,,
Zscaler,"Account Executive, Commercial - Private Equity","Remote - Illinois, USA; Remote - Massachusetts, USA",https://job-boards.greenhouse.io/zscaler/jobs/5173716007,True,,,2026-08-05T11:15:31-04:00,updated,new,2026-08-09,,
Zscaler,Account Executive - DoW,"Remote - D.C., USA; Remote - Florida, USA; Remote - North Carolina, USA",https://job-boards.greenhouse.io/zscaler/jobs/5191627007,True,,,2026-08-05T11:15:31-04:00,updated,new,2026-08-09,,
Zscaler,Account Executive - Healthcare - Missouri,"Remote - Missouri, USA",https://job-boards.greenhouse.io/zscaler/jobs/5179464007,True,,,2026-08-05T11:15:31-04:00,updated,new,2026-08-09,,
Zscaler,Account Executive - Healthcare UT/AZ/CA,"Remote - Arizona, USA; Remote - California, USA; Remote - Utah, USA",https://job-boards.greenhouse.io/zscaler/jobs/5141035007,True,,2026-07-28T12:16:01-04:00,2026-08-25T17:32:01-04:00,updated,new,2026-08-09,,
Zscaler,Account Executive - Healthcare - Wisconsin / Minnesota,"Remote - Minnesota, USA; Remote - Wisconsin, USA",https://job-boards.greenhouse.io/zscaler/jobs/5096691007,True,,2026-04-09T18:05:01-04:00,2026-08-24T20:52:02-04:00,updated,new,2026-08-09,,
Zscaler,Commercial Account Executive - Healthcare West,"Remote - California, USA",https://job-boards.greenhouse.io/zscaler/jobs/5179777007,True,,,2026-08-05T11:15:31-04:00,updated,new,2026-08-09,,
Zscaler,Specialist Account Executive - Cellular,Remote - USA,https://job-boards.greenhouse.io/zscaler/jobs/5143332007,True,3,2026-06-25T10:27:07-04:00,2026-08-19T17:21:57-04:00,updated,new,2026-08-09,,
Zscaler,"Specialist Account Executive, ZT Branch - Commercial, West + Central","Remote - California, USA; Remote - Colorado, USA; Remote - Illinois, USA",https://job-boards.greenhouse.io/zscaler/jobs/5196221007,True,,2026-08-07T12:38:22-04:00,2026-08-19T17:21:57-04:00,updated,new,2026-08-09,,
Samsara,"Account Executive, Commercial","Atlanta, GA",https://www.samsara.com/company/careers/roles/6605601?gh_jid=6605601,True,1,2025-02-19T10:40:29-05:00,2026-08-20T14:53:43-04:00,updated,new,2026-08-09,,
Samsara,"Account Executive, Commercial","Boston, MA",https://www.samsara.com/company/careers/roles/6605604?gh_jid=6605604,True,1,2025-03-07T10:57:50-05:00,2026-08-20T14:53:43-04:00,updated,new,2026-08-09,,
Samsara,"Account Executive, Commercial","Portland, OR",https://www.samsara.com/company/careers/roles/7612450?gh_jid=7612450,True,1,,2026-08-04T16:38:20-04:00,updated,new,2026-08-09,,
Samsara,"Account Executive, Commercial","Columbus, OH",https://www.samsara.com/company/careers/roles/6605602?gh_jid=6605602,True,1,2025-02-19T10:40:30-05:00,2026-08-20T14:53:43-04:00,updated,new,2026-08-09,,
Samsara,"Account Executive, Commercial","Denver, CO",https://www.samsara.com/company/careers/roles/7612443?gh_jid=7612443,True,1,2026-03-05T11:05:33-05:00,2026-08-20T14:53:45-04:00,updated,new,2026-08-09,,
Samsara,"Account Executive, Commercial","Los Angeles, CA",https://www.samsara.com/company/careers/roles/7612444?gh_jid=7612444,True,1,,2026-08-04T16:38:20-04:00,updated,new,2026-08-09,,
Samsara,"Account Executive, Commercial",Remote - US,https://www.samsara.com/company/careers/roles/6605599?gh_jid=6605599,True,1,2025-02-19T10:40:42-05:00,2026-08-20T14:53:43-04:00,updated,new,2026-08-09,,
Samsara,"Account Executive, Commercial",Remote - US,https://www.samsara.com/company/careers/roles/7612441?gh_jid=7612441,True,1,2026-03-05T11:05:30-05:00,2026-08-20T14:53:45-04:00,updated,new,2026-08-09,,
Samsara,"Account Executive, Commercial","Salt Lake City, UT",https://www.samsara.com/company/careers/roles/7612445?gh_jid=7612445,True,1,,2026-08-04T16:38:20-04:00,updated,new,2026-08-09,,
Samsara,"Account Executive, Commercial","San Diego, CA",https://www.samsara.com/company/careers/roles/7612446?gh_jid=7612446,True,1,,2026-08-04T16:38:20-04:00,updated,new,2026-08-09,,
Samsara,"Account Executive, Commercial","Seattle, WA",https://www.samsara.com/company/careers/roles/7612447?gh_jid=7612447,True,1,,2026-08-04T16:38:20-04:00,updated,new,2026-08-09,,
Samsara,"Account Executive, Commercial","Las Vegas, NV",https://www.samsara.com/company/careers/roles/7612448?gh_jid=7612448,True,1,,2026-08-04T16:38:20-04:00,updated,new,2026-08-09,,
Samsara,"Account Executive, Mid Market (Midwest)",Remote - US,https://www.samsara.com/company/careers/roles/7609126?gh_jid=7609126,True,2,2026-02-12T15:20:08-05:00,2026-08-20T14:53:45-04:00,updated,new,2026-08-09,,
Samsara,"Account Executive, Mid Market (Northeast)",Remote - US,https://www.samsara.com/company/careers/roles/7609147?gh_jid=7609147,True,2,2026-02-12T15:19:36-05:00,2026-08-20T14:53:45-04:00,updated,new,2026-08-09,,
Samsara,"Account Executive, Mid Market (Southeast)",Remote - US,https://www.samsara.com/company/careers/roles/7609156?gh_jid=7609156,True,2,2026-02-12T15:17:03-05:00,2026-08-20T14:53:45-04:00,updated,new,2026-08-09,,
Samsara,"Account Executive, Mid Market (TOLA)",Remote - US,https://www.samsara.com/company/careers/roles/7608969?gh_jid=7608969,True,2,2026-02-12T15:16:21-05:00,2026-08-20T14:53:45-04:00,updated,new,2026-08-09,,
Samsara,"Account Executive, Mid Market (West)",Remote - US,https://www.samsara.com/company/careers/roles/7609057?gh_jid=7609057,True,2,2026-02-12T14:44:08-05:00,2026-08-20T14:53:45-04:00,updated,new,2026-08-09,,
Gusto,Expansion Account Executive ,"Denver, CO;Atlanta, GA;Phoenix, AZ",https://job-boards.greenhouse.io/gusto/jobs/8092462,,,2026-08-04T11:48:15-04:00,2026-08-14T19:27:24-04:00,updated,new,2026-08-09,,
Gusto,Retirement Sales Account Executive,"Denver, CO; Atlanta, GA; Phoenix, AZ",https://job-boards.greenhouse.io/gusto/jobs/8075935,,,2026-07-28T18:45:59-04:00,2026-08-14T19:27:24-04:00,updated,new,2026-08-09,,
Twilio,Sales Development Representative,Remote - US,https://job-boards.greenhouse.io/twilio/jobs/7481689,True,,,2026-08-13T13:58:05-04:00,updated,new,2026-08-09,,
ZoomInfo,Sales Development Representative II,"Waltham, Massachusetts, United States",https://www.zoominfo.com/careers?gh_jid=8419194002,,,2026-02-11T14:50:33-05:00,2026-08-24T13:11:34-04:00,updated,new,2026-08-09,,
Instacart,Activation Sales Development Representative I,United States - Remote,https://instacart.careers/job/?gh_jid=7144697,True,,2025-08-07T19:08:44-04:00,2026-08-24T13:15:00-04:00,updated,new,2026-08-09,,
Instacart,Retention Sales Development Representative II,United States - Remote,https://instacart.careers/job/?gh_jid=7712406,True,1,2026-03-12T13:27:23-04:00,2026-08-24T13:15:00-04:00,updated,new,2026-08-09,,
Instacart,"Sales Development Representative II, Local Independent Grocery - Boston","Boston, MA",https://instacart.careers/job/?gh_jid=8069983,True,,2026-07-16T14:13:32-04:00,2026-08-24T13:15:00-04:00,updated,new,2026-08-09,,
Instacart,"Sales Development Representative II, Local Independent Grocery - Chicago","Chicago, IL",https://instacart.careers/job/?gh_jid=8069980,True,,2026-07-16T14:11:01-04:00,2026-08-24T13:15:00-04:00,updated,new,2026-08-09,,
Instacart,"Sales Development Representative II, Local Independent Grocery - New York",United States - Remote,https://instacart.careers/job/?gh_jid=8029661,True,,2026-06-25T19:32:06-04:00,2026-08-24T13:15:00-04:00,updated,new,2026-08-09,,
Lyft,Programmatic Account Executive,"New York, NY",https://app.careerpuck.com/job-board/lyft/job/8626211002?gh_jid=8626211002,True,,2026-07-15T16:04:08-04:00,2026-08-26T16:51:51-04:00,updated,new,2026-08-09,,
Toast,"Customer Growth Sales Account Executive, Flex","Denver, CO",https://careers.toasttab.com/jobs?gh_jid=8108760,True,2,,2026-08-05T10:31:34-04:00,updated,new,2026-08-09,,
Toast,"Customer Growth Sales Account Executive, Flex","San Francisco, CA",https://careers.toasttab.com/jobs?gh_jid=8108762,True,2,,2026-08-05T10:31:35-04:00,updated,new,2026-08-09,,
Toast,"Customer Growth Sales Account Executive, Flex","Atlanta, GA",https://careers.toasttab.com/jobs?gh_jid=8105686,True,2,,2026-08-05T10:30:51-04:00,updated,new,2026-08-09,,
Toast,"Customer Growth Sales Account Executive, Flex","Chicago, IL",https://careers.toasttab.com/jobs?gh_jid=8108764,True,2,,2026-08-05T10:31:36-04:00,updated,new,2026-08-09,,
Toast,"Customer Growth Sales Account Executive, Flex","Fort Worth, TX",https://careers.toasttab.com/jobs?gh_jid=8108765,True,2,,2026-08-05T10:31:55-04:00,updated,new,2026-08-09,,
Toast,Territory Account Executive - Frankfort KY,"Frankfort, KY",https://careers.toasttab.com/jobs?gh_jid=8031231,True,,2026-06-26T14:43:34-04:00,2026-08-18T22:37:49-04:00,updated,new,2026-08-09,,
Toast,Territory Account Executive - Lexington KY,"Lexington, KY",https://careers.toasttab.com/jobs?gh_jid=8024446,True,,2026-06-26T14:43:35-04:00,2026-08-18T22:37:50-04:00,updated,new,2026-08-09,,
Toast,"Territory Account Executive , Retail - Appleton, WI		","Appleton, WI",https://careers.toasttab.com/jobs?gh_jid=8070333,True,,2026-07-16T16:15:00-04:00,2026-07-21T11:57:37-04:00,updated,new,2026-08-09,,
Toast,"Territory Account Executive, Retail - Arlington Heights, IL","Arlington Heights, IL",https://careers.toasttab.com/jobs?gh_jid=8036903,True,,,2026-07-21T11:57:37-04:00,updated,new,2026-08-09,,
Toast,"Territory Account Executive, Retail - Baltimore","Baltimore, MD",https://careers.toasttab.com/jobs?gh_jid=8047291,True,,,2026-07-21T11:57:37-04:00,updated,new,2026-08-09,,
Toast,"Territory Account Executive, Retail - Bellevue, WA","Bellevue, WA",https://careers.toasttab.com/jobs?gh_jid=7507105,True,,,2026-07-21T11:57:37-04:00,updated,new,2026-08-09,,
Toast,"Territory Account Executive, Retail - Bentonville/Ft. Smith","Bentonville, AR",https://careers.toasttab.com/jobs?gh_jid=8067483,True,,2026-07-16T18:25:26-04:00,2026-07-21T11:57:37-04:00,updated,new,2026-08-09,,
Toast,"Territory Account Executive, Retail - Birmingham, AL","Birmingham, AL",https://careers.toasttab.com/jobs?gh_jid=8008575,True,,,2026-07-21T11:57:37-04:00,updated,new,2026-08-09,,
Toast,"Territory Account Executive, Retail - Brighton Beach, NY","Brighton Beach, NY",https://careers.toasttab.com/jobs?gh_jid=7843764,True,,,2026-07-21T11:57:37-04:00,updated,new,2026-08-09,,
Toast,"Territory Account Executive, Retail - Bronx, NY","Bronx, NY",https://careers.toasttab.com/jobs?gh_jid=7842808,True,,,2026-07-21T11:57:37-04:00,updated,new,2026-08-09,,
Toast,"Territory Account Executive, Retail - Burlington, VT","Burlington, VT",https://careers.toasttab.com/jobs?gh_jid=7575004,True,,,2026-07-21T11:57:37-04:00,updated,new,2026-08-09,,
Toast,"Territory Account Executive, Retail - Cambridge/Somerville","Salem, MA",https://careers.toasttab.com/jobs?gh_jid=8047409,True,,,2026-07-21T11:57:37-04:00,updated,new,2026-08-09,,
Toast,"Territory Account Executive, Retail - Cambridge/Somerville","Cambridge, MA",https://careers.toasttab.com/jobs?gh_jid=8047408,True,,,2026-07-21T11:57:37-04:00,updated,new,2026-08-09,,
Toast,"Territory Account Executive, Retail - Cambridge/Somerville","Boston, MA",https://careers.toasttab.com/jobs?gh_jid=8047293,True,,,2026-07-21T11:57:37-04:00,updated,new,2026-08-09,,
Toast,"Territory Account Executive, Retail - Canton, OH","Canton, OH",https://careers.toasttab.com/jobs?gh_jid=8055258,True,,,2026-07-21T11:57:37-04:00,updated,new,2026-08-09,,
Toast,"Territory Account Executive, Retail - Cheyenne, WY","Cheyenne, WY",https://careers.toasttab.com/jobs?gh_jid=7812881,True,,,2026-07-21T11:57:37-04:00,updated,new,2026-08-09,,
Toast,"Territory Account Executive, Retail - Columbus, GA","Columbus, GA",https://careers.toasttab.com/jobs?gh_jid=7473660,True,,,2026-07-21T11:57:37-04:00,updated,new,2026-08-09,,
Toast,"Territory Account Executive, Retail - Columbus North ","Columbus, OH",https://careers.toasttab.com/jobs?gh_jid=8052380,True,,,2026-07-21T11:57:37-04:00,updated,new,2026-08-09,,
Toast,"Territory Account Executive, Retail - Columbus North ","Dublin, OH",https://careers.toasttab.com/jobs?gh_jid=8052453,True,,,2026-07-21T11:57:37-04:00,updated,new,2026-08-09,,
Toast,"Territory Account Executive, Retail - Columbus North ","Westerville, OH",https://careers.toasttab.com/jobs?gh_jid=8067601,True,,2026-07-15T13:03:28-04:00,2026-07-21T11:57:37-04:00,updated,new,2026-08-09,,
Toast,"Territory Account Executive, Retail - Columbus North ","Newark, OH",https://careers.toasttab.com/jobs?gh_jid=8067599,True,,2026-07-15T13:03:27-04:00,2026-07-21T11:57:37-04:00,updated,new,2026-08-09,,
Toast,"Territory Account Executive, Retail - Coney Island, NY","Coney Island, NY",https://careers.toasttab.com/jobs?gh_jid=7838921,True,,,2026-07-21T11:57:37-04:00,updated,new,2026-08-09,,
Toast,"Territory Account Executive , Retail - Conway, SC","Conway, SC",https://careers.toasttab.com/jobs?gh_jid=8060765,True,,,2026-07-21T11:57:37-04:00,updated,new,2026-08-09,,
Toast,"Territory Account Executive, Retail - Des Plaines, IL","Des Plaines, IL",https://careers.toasttab.com/jobs?gh_jid=8036907,True,,,2026-07-21T11:57:37-04:00,updated,new,2026-08-09,,
Toast,"Territory Account Executive, Retail - Downers Grove, IL","Downers Grove, IL",https://careers.toasttab.com/jobs?gh_jid=7843880,True,,,2026-07-21T11:57:37-04:00,updated,new,2026-08-09,,
Toast,"Territory Account Executive, Retail - East Cleveland","Cleveland, OH",https://careers.toasttab.com/jobs?gh_jid=8055259,True,,,2026-07-21T11:57:37-04:00,updated,new,2026-08-09,,
Toast,"Territory Account Executive, Retail - Elmhurst, IL","Elmhurst, IL",https://careers.toasttab.com/jobs?gh_jid=7838923,True,,,2026-07-21T11:57:37-04:00,updated,new,2026-08-09,,
Toast,"Territory Account Executive, Retail - Erie, PA","Erie, PA",https://careers.toasttab.com/jobs?gh_jid=8094584,True,,2026-07-29T12:41:11-04:00,2026-07-29T12:41:11-04:00,updated,new,2026-08-09,,
Toast,"Territory Account Executive, Retail - Fort Collins, CO","Fort Collins, CO",https://careers.toasttab.com/jobs?gh_jid=7901920,True,,,2026-07-21T11:57:37-04:00,updated,new,2026-08-09,,
Toast,"Territory Account Executive, Retail - Fort Worth","Arlington, TX ",https://careers.toasttab.com/jobs?gh_jid=7826529,True,,,2026-07-21T11:57:37-04:00,updated,new,2026-08-09,,
Toast,"Territory Account Executive, Retail - Fort Worth","Weatherford, TX ",https://careers.toasttab.com/jobs?gh_jid=7826532,True,,,2026-07-21T11:57:37-04:00,updated,new,2026-08-09,,
Toast,"Territory Account Executive, Retail - Fort Worth","Mansfield, TX",https://careers.toasttab.com/jobs?gh_jid=7826544,True,,,2026-07-21T11:57:37-04:00,updated,new,2026-08-09,,
Toast,"Territory Account Executive, Retail - Fort Worth","Colleyville, TX ",https://careers.toasttab.com/jobs?gh_jid=7826547,True,,,2026-07-21T11:57:37-04:00,updated,new,2026-08-09,,
Toast,"Territory Account Executive, Retail - Garden City, NY","Garden City, NY",https://careers.toasttab.com/jobs?gh_jid=7843098,True,,,2026-07-21T11:57:37-04:00,updated,new,2026-08-09,,
Toast,"Territory Account Executive, Retail - Greeley, CO","Greeley, CO",https://careers.toasttab.com/jobs?gh_jid=7812883,True,,,2026-07-21T11:57:37-04:00,updated,new,2026-08-09,,
Toast,"Territory Account Executive , Retail - Green Bay, WI		","Green Bay, WI",https://careers.toasttab.com/jobs?gh_jid=8049007,True,,,2026-07-21T11:57:37-04:00,updated,new,2026-08-09,,
Toast,"Territory Account Executive, Retail - Hempstead, NY","Hempstead, NY",https://careers.toasttab.com/jobs?gh_jid=7838917,True,,,2026-07-21T11:57:37-04:00,updated,new,2026-08-09,,
Toast,"Territory Account Executive, Retail - Hoover, AL","Hoover, AL",https://careers.toasttab.com/jobs?gh_jid=8036938,True,,,2026-07-21T11:57:37-04:00,updated,new,2026-08-09,,
Toast,"Territory Account Executive, Retail - Huntsville, AL","Huntsville, AL",https://careers.toasttab.com/jobs?gh_jid=7838947,True,,,2026-07-21T11:57:37-04:00,updated,new,2026-08-09,,
Toast,"Territory Account Executive, Retail - Kansas City East","Kansas City, MO",https://careers.toasttab.com/jobs?gh_jid=8053761,True,,,2026-07-21T11:57:37-04:00,updated,new,2026-08-09,,
Toast,"Territory Account Executive, Retail - Levittown, NY","Levittown, NY",https://careers.toasttab.com/jobs?gh_jid=7843109,True,,,2026-07-21T11:57:37-04:00,updated,new,2026-08-09,,
Toast,"Territory Account Executive, Retail - Loveland, CO","Loveland, CO",https://careers.toasttab.com/jobs?gh_jid=7812884,True,,,2026-07-21T11:57:37-04:00,updated,new,2026-08-09,,
Toast,"Territory Account Executive, Retail - Middlebury, VT","Middlebury, VT ",https://careers.toasttab.com/jobs?gh_jid=7658165,True,,,2026-07-21T11:57:37-04:00,updated,new,2026-08-09,,
Toast,"Territory Account Executive , Retail - Minneapolis, MN","Minneapolis, MN",https://careers.toasttab.com/jobs?gh_jid=8065333,True,,2026-07-14T16:00:00-04:00,2026-07-21T11:57:37-04:00,updated,new,2026-08-09,,
Toast,"Territory Account Executive, Retail - Montgomery, AL","Montgomery, AL",https://careers.toasttab.com/jobs?gh_jid=7473217,True,,,2026-07-21T11:57:37-04:00,updated,new,2026-08-09,,
Toast,"Territory Account Executive, Retail - Morgantown WV","Morgantown, WV",https://careers.toasttab.com/jobs?gh_jid=8055241,True,,,2026-07-21T11:57:37-04:00,updated,new,2026-08-09,,
Toast,"Territory Account Executive, Retail - Mountain Brook, AL","Mountain Brook, AL",https://careers.toasttab.com/jobs?gh_jid=8036935,True,,,2026-07-21T11:57:37-04:00,updated,new,2026-08-09,,
Toast,"Territory Account Executive, Retail - Mount Prospect, IL","Mount Prospect, IL",https://careers.toasttab.com/jobs?gh_jid=8036894,True,,,2026-07-21T11:57:37-04:00,updated,new,2026-08-09,,
Toast,"Territory Account Executive , Retail - Myrtle Beach, SC","Myrtle Beach, SC",https://careers.toasttab.com/jobs?gh_jid=8047272,True,,,2026-07-21T11:57:37-04:00,updated,new,2026-08-09,,
Toast,"Territory Account Executive, Retail - Nashville: East","Nashville, TN",https://careers.toasttab.com/jobs?gh_jid=8026391,True,,,2026-07-21T11:57:37-04:00,updated,new,2026-08-09,,
Toast,"Territory Account Executive, Retail - Newark, NJ","Newark, NJ",https://careers.toasttab.com/jobs?gh_jid=8047015,True,,,2026-07-21T11:57:37-04:00,updated,new,2026-08-09,,
Toast,"Territory Account Executive, Retail - New Haven, CT","New Haven, CT ",https://careers.toasttab.com/jobs?gh_jid=7536201,True,,,2026-07-21T11:57:37-04:00,updated,new,2026-08-09,,
Toast,"Territory Account Executive, Retail - New York Metro","New York, NY",https://careers.toasttab.com/jobs?gh_jid=7861971,True,,,2026-07-21T11:57:37-04:00,updated,new,2026-08-09,,
Toast,"Territory Account Executive, Retail - New York Metro","Yonkers, NY",https://careers.toasttab.com/jobs?gh_jid=7991180,True,,,2026-07-21T11:57:37-04:00,updated,new,2026-08-09,,
Toast,"Territory Account Executive, Retail - New York Metro","Stamford, CT ",https://careers.toasttab.com/jobs?gh_jid=7991182,True,,,2026-07-21T11:57:37-04:00,updated,new,2026-08-09,,
Toast,"Territory Account Executive, Retail - North Evanston, IL","Evanston, IL",https://careers.toasttab.com/jobs?gh_jid=8031032,True,,,2026-07-21T11:57:37-04:00,updated,new,2026-08-09,,
Toast,"Territory Account Executive, Retail - North Jacksonville, FL","Jacksonville, FL",https://careers.toasttab.com/jobs?gh_jid=7822496,True,,,2026-07-21T11:57:37-04:00,updated,new,2026-08-09,,
Toast,"Territory Account Executive , Retail - North Myrtle Beach, SC","North Myrtle Beach, SC",https://careers.toasttab.com/jobs?gh_jid=8060766,True,,,2026-07-21T11:57:37-04:00,updated,new,2026-08-09,,
Toast,"Territory Account Executive, Retail - Oak Brook, IL","Oak Brook, IL",https://careers.toasttab.com/jobs?gh_jid=7843849,True,,,2026-07-21T11:57:37-04:00,updated,new,2026-08-09,,
Toast,"Territory Account Executive , Retail - Oshkosh, WI	","Oshkosh, WI",https://careers.toasttab.com/jobs?gh_jid=8070328,True,,2026-07-16T16:15:00-04:00,2026-07-21T11:57:37-04:00,updated,new,2026-08-09,,
Toast,"Territory Account Executive, Retail - Paterson, NJ","Paterson, NJ",https://careers.toasttab.com/jobs?gh_jid=7982317,True,,,2026-07-21T11:57:37-04:00,updated,new,2026-08-09,,
Toast,"Territory Account Executive, Retail - Pensacola","Pensacola, FL",https://careers.toasttab.com/jobs?gh_jid=8055429,True,,,2026-07-21T11:57:37-04:00,updated,new,2026-08-09,,
Toast,"Territory Account Executive, Retail - Phenix City, AL","Phenix City, AL",https://careers.toasttab.com/jobs?gh_jid=8042228,True,,,2026-07-21T11:57:37-04:00,updated,new,2026-08-09,,
Toast,"Territory Account Executive, Retail - Prattville, AL","Prattville, AL",https://careers.toasttab.com/jobs?gh_jid=8042243,True,,,2026-07-21T11:57:37-04:00,updated,new,2026-08-09,,
Toast,"Territory Account Executive, Retail - Queens, NY","Queens, NY",https://careers.toasttab.com/jobs?gh_jid=7842772,True,,,2026-07-21T11:57:37-04:00,updated,new,2026-08-09,,
Toast,"Territory Account Executive , Retail - Rochester, MN","Rochester, MN",https://careers.toasttab.com/jobs?gh_jid=8049221,True,,,2026-07-21T11:57:37-04:00,updated,new,2026-08-09,,
Toast,"Territory Account Executive , Retail - Saint Paul, MN","Saint Paul, MN",https://careers.toasttab.com/jobs?gh_jid=8049237,True,,,2026-07-21T11:57:37-04:00,updated,new,2026-08-09,,
Toast,"Territory Account Executive, Retail - Salt Lake City","Salt Lake City, UT",https://careers.toasttab.com/jobs?gh_jid=7842769,True,,,2026-07-21T11:57:37-04:00,updated,new,2026-08-09,,
Toast,"Territory Account Executive, Retail - Savannah, GA","Savannah, GA",https://careers.toasttab.com/jobs?gh_jid=8015634,True,,,2026-07-21T11:57:37-04:00,updated,new,2026-08-09,,
Toast,"Territory Account Executive, Retail - Scranton","Scranton, PA",https://careers.toasttab.com/jobs?gh_jid=8049262,True,,,2026-07-21T11:57:37-04:00,updated,new,2026-08-09,,
Toast,"Territory Account Executive, Retail - Seattle, WA","Seattle, WA",https://careers.toasttab.com/jobs?gh_jid=7506371,True,,,2026-07-21T11:57:37-04:00,updated,new,2026-08-09,,
Toast,"Territory Account Executive, Retail - Sheepshead Bay, NY","Sheepshead Bay, NY",https://careers.toasttab.com/jobs?gh_jid=7843767,True,,,2026-07-21T11:57:37-04:00,updated,new,2026-08-09,,
Toast,"Territory Account Executive, Retail - Sioux Falls","Sioux Falls, SD",https://careers.toasttab.com/jobs?gh_jid=7930749,True,,,2026-07-21T11:57:37-04:00,updated,new,2026-08-09,,
Toast,"Territory Account Executive, Retail - South Pittsburgh","Pittsburgh, PA",https://careers.toasttab.com/jobs?gh_jid=8055244,True,,,2026-07-21T11:57:37-04:00,updated,new,2026-08-09,,
Toast,"Territory Account Executive, Retail - Tallahassee ","Tallahassee, FL ",https://careers.toasttab.com/jobs?gh_jid=8048977,True,,,2026-07-21T11:57:37-04:00,updated,new,2026-08-09,,
Toast,"Territory Account Executive, Retail - Tulsa","Tulsa, OK",https://careers.toasttab.com/jobs?gh_jid=8010230,True,,,2026-07-21T11:57:37-04:00,updated,new,2026-08-09,,
Toast,"Territory Account Executive, Retail - Youngstown, OH","Youngstown, OH",https://careers.toasttab.com/jobs?gh_jid=8094585,True,,2026-07-29T12:41:15-04:00,2026-07-29T12:41:15-04:00,updated,new,2026-08-09,,
Toast,"Territory Account Executive, SMB","Huron, OH",https://careers.toasttab.com/jobs?gh_jid=8113237,True,1,2026-08-06T17:25:00-04:00,2026-08-06T17:25:17-04:00,updated,new,2026-08-09,,
Toast,"Territory Account Executive, SMB","Port Clinton, OH",https://careers.toasttab.com/jobs?gh_jid=8113245,True,1,,2026-08-06T17:29:46-04:00,updated,new,2026-08-09,,
Toast,"Territory Account Executive , SMB - Brandon , FL","Brandon, FL ",https://careers.toasttab.com/jobs?gh_jid=7861784,True,1,,2026-08-05T15:47:50-04:00,updated,new,2026-08-09,,
Toast,"Territory Account Executive, SMB - Fort Lauderdale/Pompano, FL","Fort Lauderdale, FL ",https://careers.toasttab.com/jobs?gh_jid=8094078,True,1,,2026-08-07T11:02:53-04:00,updated,new,2026-08-09,,
Toast,"Territory Account Executive, SMB - Fredericksburg, VA","Fredericksburg, VA",https://careers.toasttab.com/jobs?gh_jid=8111787,True,1,2026-08-06T15:58:45-04:00,2026-08-06T15:58:45-04:00,updated,new,2026-08-09,,
Toast,"Territory Account Executive, SMB - Greenville, NC","Greenville, NC",https://careers.toasttab.com/jobs?gh_jid=8046283,True,1,,2026-08-03T15:05:10-04:00,updated,new,2026-08-09,,
Toast,"Territory Account Executive, SMB - Jacksonville/Fernandina Beach, FL","Jacksonville, FL ",https://careers.toasttab.com/jobs?gh_jid=7781065,True,1,,2026-08-05T15:15:28-04:00,updated,new,2026-08-09,,
Toast,"Territory Account Executive , SMB - Lancaster, PA ","Lancaster, PA",https://careers.toasttab.com/jobs?gh_jid=7815240,True,1,,2026-07-21T11:57:37-04:00,updated,new,2026-08-09,,
Toast,"Territory Account Executive , SMB - Lancaster, PA ","York, PA",https://careers.toasttab.com/jobs?gh_jid=7815376,True,1,,2026-07-21T11:57:37-04:00,updated,new,2026-08-09,,
Toast,"Territory Account Executive , SMB - Lincoln/West Omaha, NE ","Omaha, NE",https://careers.toasttab.com/jobs?gh_jid=8051490,True,1,,2026-07-21T11:57:37-04:00,updated,new,2026-08-09,,
Toast,"Territory Account Executive, SMB - Long Beach Island, NJ","Long Beach Island, NJ",https://careers.toasttab.com/jobs?gh_jid=7985186,True,1,,2026-07-21T11:57:37-04:00,updated,new,2026-08-09,,
Toast,"Territory Account Executive, SMB - New Haven, CT","New Haven, CT",https://careers.toasttab.com/jobs?gh_jid=8094576,True,1,,2026-08-05T15:31:01-04:00,updated,new,2026-08-09,,
Toast,"Territory Account Executive, SMB - North Dayton, OH","Dayton, OH",https://careers.toasttab.com/jobs?gh_jid=8048765,True,1,,2026-07-21T11:57:37-04:00,updated,new,2026-08-09,,
Toast,"Territory Account Executive, SMB - North Houston, TX","Houston, TX",https://careers.toasttab.com/jobs?gh_jid=8026291,True,1,,2026-07-21T11:57:37-04:00,updated,new,2026-08-09,,
Toast,"Territory Account Executive , SMB - NW Houston, TX","Houston, TX",https://careers.toasttab.com/jobs?gh_jid=7861854,True,1,,2026-07-21T11:57:37-04:00,updated,new,2026-08-09,,
Toast,"Territory Account Executive , SMB - Oklahoma","Tulsa, OK",https://careers.toasttab.com/jobs?gh_jid=8106100,True,1,,2026-08-04T13:01:37-04:00,updated,new,2026-08-09,,
Toast,"Territory Account Executive, SMB - Overland Park, KS","Overland Park, KS",https://careers.toasttab.com/jobs?gh_jid=8109622,True,1,2026-08-05T15:34:40-04:00,2026-08-05T15:34:40-04:00,updated,new,2026-08-09,,
Toast,"Territory Account Executive, SMB - Sandusky, OH","Sandusky, OH",https://careers.toasttab.com/jobs?gh_jid=8094810,True,1,2026-07-29T14:16:37-04:00,2026-07-29T14:16:37-04:00,updated,new,2026-08-09,,
Toast,"Territory Account Executive , SMB - Sarasota, FL ","Sarasota, FL",https://careers.toasttab.com/jobs?gh_jid=7967404,True,1,,2026-08-05T15:49:17-04:00,updated,new,2026-08-09,,
Toast,"Territory Account Executive , SMB - St. Pete Beach, FL","St. Pete Beach, FL",https://careers.toasttab.com/jobs?gh_jid=8039105,True,1,,2026-08-05T15:49:35-04:00,updated,new,2026-08-09,,
Toast,"Territory Account Executive, SMB - Toms River, NJ","Toms River, NJ",https://careers.toasttab.com/jobs?gh_jid=8076637,True,1,,2026-07-21T11:57:37-04:00,updated,new,2026-08-09,,
Toast,"Territory Account Executive, SMB - Westport, CT","Westport, CT",https://careers.toasttab.com/jobs?gh_jid=8076812,True,1,,2026-07-21T11:57:37-04:00,updated,new,2026-08-09,,
Smartsheet,"Account Executive, Commercial - Mid Market (Central / East)"," -REMOTE, USA-",https://job-boards.greenhouse.io/smartsheet/jobs/8103456,True,3,2026-08-03T12:26:49-04:00,2026-08-24T14:40:03-04:00,updated,new,2026-08-09,,
Smartsheet,"Account Executive, Commercial - Mid Market (Central / East)","Chicago, IL, USA",https://job-boards.greenhouse.io/smartsheet/jobs/8054647,True,3,2026-07-09T19:12:36-04:00,2026-08-24T14:40:03-04:00,updated,new,2026-08-09,,
Smartsheet,"Account Executive, Commercial - Mid Market Central / East (Remote Eligible) ","Boston, MA, USA",https://job-boards.greenhouse.io/smartsheet/jobs/8103383,True,3,2026-08-03T11:55:23-04:00,2026-08-24T14:40:03-04:00,updated,new,2026-08-09,,
Smartsheet,"Account Executive, Commercial - SMB (East)","Boston, MA, USA",https://job-boards.greenhouse.io/smartsheet/jobs/8094400,True,,,2026-07-29T11:40:15-04:00,updated,new,2026-08-09,,
Smartsheet,"Account Executive, Commercial - SMB (West)","San Francisco, CA, USA",https://job-boards.greenhouse.io/smartsheet/jobs/8003077,True,,2026-06-12T11:45:04-04:00,2026-08-24T14:40:03-04:00,updated,new,2026-08-09,,
Smartsheet,"Account Executive, Commercial - SMB (West)","Denver, CO, USA",https://job-boards.greenhouse.io/smartsheet/jobs/8112144,True,,2026-08-06T11:14:36-04:00,2026-08-24T14:40:03-04:00,updated,new,2026-08-09,,
Smartsheet,"Account Executive, Commercial - SMB West (Remote Eligible) ","Bellevue, WA, USA",https://job-boards.greenhouse.io/smartsheet/jobs/7990798,True,,2026-06-08T14:36:58-04:00,2026-08-24T14:40:03-04:00,updated,new,2026-08-09,,
Smartsheet,Business Development Representative,"Munich, DE",https://job-boards.greenhouse.io/smartsheet/jobs/7657151,True,,,2026-07-30T09:14:56-04:00,updated,new,2026-08-09,,
Smartsheet,Commercial Account Executive - Growth,"Munich, DE",https://job-boards.greenhouse.io/smartsheet/jobs/6286035,True,2,,2026-08-03T06:24:24-04:00,updated,new,2026-08-09,,
Smartsheet,Sales Development Representative - West Coast,"Bellevue, WA, USA",https://job-boards.greenhouse.io/smartsheet/jobs/8092354,True,,,2026-08-10T12:43:33-04:00,updated,new,2026-08-09,,
Snowflake,Sales Development Representative,US-CO-Denver,https://jobs.ashbyhq.com/snowflake/c9650a88-aeb8-4696-bc88-357d2bc7caaa,True,1,,2025-12-03T20:26:50.292+00:00,published,new,2026-08-09,,
Snowflake,Sales Development Representative,US-GA-Atlanta,https://jobs.ashbyhq.com/snowflake/117c0d64-ab16-4041-b82a-af7b6084305e,True,1,,2026-04-28T14:37:51.585+00:00,published,new,2026-08-09,,
Snowflake,"Account Executive, Commercial Acquisition",US-MA-Boston,https://jobs.ashbyhq.com/snowflake/2f996ebf-ae74-4350-b982-5a1a041a4229,True,2,2026-07-24T14:25:00.970000+00:00,2026-07-24T14:25:00.970000+00:00,published,new,2026-08-09,,
Ramp,Account Executive | Commercial,"New York, NY (HQ)",https://jobs.ashbyhq.com/ramp/8c004352-f162-4d89-858f-75a649e77ec4,,2,,2025-10-09T20:16:19.133+00:00,published,new,2026-08-09,,
Ramp, Account Executive | Mid-Market,"New York, NY (HQ)",https://jobs.ashbyhq.com/ramp/f7c4de3c-1d64-42e9-8111-f38e265327d8,,4,,2026-06-16T21:07:21.159+00:00,published,new,2026-08-09,,
Ramp,Sales Enablement | SDR,"New York, NY (HQ)",https://jobs.ashbyhq.com/ramp/504e34ff-dbd9-49a7-8f68-327092672164,,,,2026-06-17T15:11:56.824+00:00,published,new,2026-08-09,,
Vanta,"Sales Development Representative, Inbound","San Francisco, CA",https://jobs.ashbyhq.com/vanta/cf4358d4-1f34-40cc-b5b4-31a2e001136f,,,2026-07-17T20:18:58.727000+00:00,2026-07-17T20:18:58.727000+00:00,published,new,2026-08-09,,
Vanta,"Sales Development Representative, Upmarket","New York, NY",https://jobs.ashbyhq.com/vanta/028c7d0b-73a6-431a-843b-2c0da068de1b,,,,2026-05-14T18:27:49.784+00:00,published,new,2026-08-09,,
Vanta,"Account Executive, Early Stage",Remote U.S.,https://jobs.ashbyhq.com/vanta/ffc75064-fbdc-4cd1-bf0e-a4ace20dce81,,,2026-07-24T16:41:44.384000+00:00,2026-07-24T16:41:44.384000+00:00,published,new,2026-08-09,,
Notion,"Business Development Representative, New York","New York, New York",https://jobs.ashbyhq.com/notion/05e14247-17c4-4e98-9a13-53828a4e2f13,True,1,,2026-04-02T21:00:55.755+00:00,published,new,2026-08-09,,
Notion,"Business Development Representative, San Francisco","San Francisco, California",https://jobs.ashbyhq.com/notion/b21fef72-4864-4a3e-a627-91557a0f8a36,True,,,2026-04-01T23:05:05.541+00:00,published,new,2026-08-09,,
Perplexity,Business Development Representative,San Francisco,https://jobs.ashbyhq.com/perplexity/a5b97109-222d-49e1-b2ac-e101487a5ddd,,,,2026-01-22T00:32:30.985+00:00,published,new,2026-08-09,,
Perplexity,Commercial Account Executive,San Francisco,https://jobs.ashbyhq.com/perplexity/e0e8188a-9c92-4795-82a5-7384f1b25bc7,,,,2026-06-08T16:33:16.930+00:00,published,new,2026-08-09,,
Anthropic,"Account Executive, Startups","New York City, NY; San Francisco, CA | New York City, NY",https://job-boards.greenhouse.io/anthropic/jobs/4461450008,,4,2024-12-20T13:53:38-05:00,2026-08-21T21:32:54-04:00,updated,new,2026-08-09,,
Anthropic,"Growth Account Executive, AI Native","San Francisco, CA | New York City, NY",https://job-boards.greenhouse.io/anthropic/jobs/4423394008,,5,2024-12-05T17:14:32-05:00,2026-08-21T12:49:35-04:00,updated,new,2026-08-09,,
Anthropic,"Growth Account Executive, Startups","New York City, NY; San Francisco, CA",https://job-boards.greenhouse.io/anthropic/jobs/5079916008,,3,2026-01-21T16:21:10-05:00,2026-08-24T15:31:48-04:00,updated,new,2026-08-09,,
Anthropic,"Mid-Market Account Executive, Industries","San Francisco, CA | New York City, NY",https://job-boards.greenhouse.io/anthropic/jobs/4931772008,,3,2025-09-24T18:07:21-04:00,2026-08-21T12:49:40-04:00,updated,new,2026-08-09,,
Anthropic,"Mid-Market Account Executive, Tech","San Francisco, CA | New York City, NY",https://job-boards.greenhouse.io/anthropic/jobs/5077996008,,4,2026-01-21T17:07:38-05:00,2026-08-21T12:49:51-04:00,updated,new,2026-08-09,,
AssemblyAI,Business Development Representative,San Francisco,https://job-boards.greenhouse.io/assemblyai/jobs/4715890005,,,2026-07-16T12:57:47-04:00,2026-08-10T10:55:20-04:00,updated,new,2026-08-09,,
AssemblyAI,Digital Native AI Account Executive,San Francisco OR New York,https://job-boards.greenhouse.io/assemblyai/jobs/4715909005,,,,2026-07-20T13:50:22-04:00,updated,new,2026-08-09,,
Vercel,"Account Executive- Startups, Greenfield","Hybrid - San Francisco, New York City, Austin",https://job-boards.greenhouse.io/vercel/jobs/5624231004,,,,2026-07-22T12:50:03-04:00,updated,new,2026-08-09,,
Vercel,"Commercial Account Executive, Greenfield ","Hybrid - San Francisco, New York City, Austin",https://job-boards.greenhouse.io/vercel/jobs/5042166004,,,2024-01-09T12:48:37-05:00,2026-08-18T18:05:39-04:00,updated,new,2026-08-09,,
Vercel,"Commercial Account Executive, Install Base","Hybrid - San Francisco, New York City, Austin",https://job-boards.greenhouse.io/vercel/jobs/6123443004,,,2026-07-23T12:49:19-04:00,2026-08-18T18:06:18-04:00,updated,new,2026-08-09,,
ClickHouse,Commercial Account Executive,"San Francisco, CA",https://job-boards.greenhouse.io/clickhouse/jobs/5842235004,True,,,2026-08-11T11:04:47-04:00,updated,new,2026-08-09,,
Databricks,Business Development Representative,"Chicago, Illinois",https://databricks.com/company/careers/open-positions/job?gh_jid=8423165002,True,,2026-02-25T14:48:29-05:00,2026-08-18T13:17:12-04:00,updated,new,2026-08-09,,
Databricks,Frontier AI Lab Account Executive ,"San Francisco, California; Seattle, Washington",https://databricks.com/company/careers/open-positions/job?gh_jid=8519282002,True,7,2026-04-28T15:18:22-04:00,2026-08-18T14:08:48-04:00,updated,new,2026-08-09,,
Databricks,Geo Core Account Executive,Northeast - United States,https://databricks.com/company/careers/open-positions/job?gh_jid=8636159002,True,4,2026-07-22T16:41:52-04:00,2026-08-25T05:51:54-04:00,updated,new,2026-08-09,,
Databricks,Geo Core Account Executive,Northeast - United States,https://databricks.com/company/careers/open-positions/job?gh_jid=8598730002,True,4,,2026-07-31T13:18:27-04:00,updated,new,2026-08-09,,
Databricks,Geo Hunter Account Executive - Digital Natives,United States,https://databricks.com/company/careers/open-positions/job?gh_jid=8643053002,True,3,2026-07-22T16:32:45-04:00,2026-08-24T03:32:23-04:00,updated,new,2026-08-09,,
ElevenLabs,Sales Development - United States,San Francisco,https://jobs.ashbyhq.com/elevenlabs/158034c9-eb7c-4348-a0b8-fa9e817b29f1,,,,2025-04-07T19:33:30.616+00:00,published,new,2026-08-09,,
ElevenLabs,Account Executive - North America - Mid-Market,United States,https://jobs.ashbyhq.com/elevenlabs/aa87b7bf-2fd5-4d94-9673-142f6349cf9e,,6,,2025-08-29T16:19:30.424+00:00,published,new,2026-08-09,,
ElevenLabs,Account Executive - North America - Music Specialist,New York,https://jobs.ashbyhq.com/elevenlabs/b5852812-73ee-48f2-aee3-265e95056eab,,5,,2026-07-16T21:41:31.119+00:00,published,new,2026-08-09,,
ElevenLabs,Account Executive - North America - Productions,United States,https://jobs.ashbyhq.com/elevenlabs/ef819b07-d617-42c7-873f-798d1a7d4024,,7,,2026-06-09T10:47:58.075+00:00,published,new,2026-08-09,,
ElevenLabs,Account Executive - North America - Corporate,San Francisco,https://jobs.ashbyhq.com/elevenlabs/144dafdb-03aa-46ff-8555-a16ffec52abc,,3,,2026-07-03T02:11:17.874+00:00,published,new,2026-08-09,,
ElevenLabs,Account Executive - ElevenCreative - North America - Mid-Market,United States,https://jobs.ashbyhq.com/elevenlabs/5a04fbba-5b0d-4ede-8b58-d10b6bdd1534,,5,,2026-08-01T14:22:22.877+00:00,published,new,2026-08-09,,
ElevenLabs,Account Executive - ElevenCreative - North America - Corporate,United States,https://jobs.ashbyhq.com/elevenlabs/8676733c-90be-4b3b-aad0-d7312d8d98dc,,5,,2026-07-27T20:53:26.079+00:00,published,new,2026-08-09,,
Cursor,"Account Executive, Commercial Expansion - San Francisco",San Francisco,https://jobs.ashbyhq.com/cursor/85c98417-583b-412e-b31a-e4052195b703,,2,,2026-05-06T21:49:36.507+00:00,published,new,2026-08-09,,
Cursor,"Account Executive, Commercial",New York,https://jobs.ashbyhq.com/cursor/13ceadb8-638f-40c7-a59d-70dab2f4de0b,,3,,2026-03-06T17:39:10.917+00:00,published,new,2026-08-09,,
Cursor,Sales Development Representative,San Francisco,https://jobs.ashbyhq.com/cursor/dbdccf8f-cc8f-4701-94ea-5d0a33efad80,,2,2026-08-28T00:20:40.955000+00:00,2026-08-28T00:20:40.955000+00:00,published,new,2026-08-09,,
Cursor,"Account Executive, Commercial - San Francisco",San Francisco,https://jobs.ashbyhq.com/cursor/9287df8c-4138-4d75-ae92-cc98d3963856,,3,,2026-06-10T17:35:28.412+00:00,published,new,2026-08-09,,
Cursor,"Regional Vice President, Business Development",New York,https://jobs.ashbyhq.com/cursor/aa50a09b-2413-44a0-a1b1-04381b03cc30,,12,,2026-07-17T18:33:15.403+00:00,published,new,2026-08-09,,
Replit,Mid-Market Account Executive,"Foster City, CA",https://jobs.ashbyhq.com/replit/a0ad29c9-0e9a-437c-82b3-94d4d8383eb5,,,,2025-10-17T19:33:51.353+00:00,published,new,2026-08-09,,
Replit,Mid-Market Account Executive,"Salt Lake City, UT",https://jobs.ashbyhq.com/replit/f4e571e4-3505-4149-8930-eefa7a29fabc,,,,2026-02-26T18:46:37.910+00:00,published,new,2026-08-09,,
Replit,Business Development Representative,"Salt Lake City, UT",https://jobs.ashbyhq.com/replit/1c40b253-c33c-49d0-a1e0-d3e49aedf54c,,0,,2026-06-05T17:32:37.367+00:00,published,new,2026-08-09,,
Cognition,Sales Development Representative,New York City,https://jobs.ashbyhq.com/cognition/001a11ed-d7bb-4c78-a260-1d28c12bf61a,,,,2025-11-18T16:22:24.715+00:00,published,new,2026-08-09,,
Gamma,Account Executive,San Francisco,https://jobs.ashbyhq.com/gamma/25606b03-82d9-4691-b982-4f94bf69b475,,5,2026-07-15T20:47:33.889000+00:00,2026-07-15T20:47:33.889000+00:00,published,new,2026-08-09,,
Gamma,Account Executive,New York,https://jobs.ashbyhq.com/gamma/8dabb460-9542-4150-9076-098e1e7591b6,,5,,2026-02-23T23:31:26.722+00:00,published,new,2026-08-09,,
Granola,"Account Executive, Mid Market",San Francisco Office ,https://jobs.ashbyhq.com/granola/13670a9a-2f49-48f3-9b15-1399d00aef9d,,3,,2026-02-11T21:03:55.248+00:00,published,new,2026-08-09,,
Granola,"Account Executive, High Velocity",San Francisco Office ,https://jobs.ashbyhq.com/granola/76f9896f-f241-403d-9be3-e14f337e11cd,,3,,2026-05-08T23:06:25.549+00:00,published,new,2026-08-09,,
Granola,Sales Development Representative,San Francisco Office ,https://jobs.ashbyhq.com/granola/f0879239-98c4-41db-b450-49578f72cdd2,,3,,2026-06-18T20:26:08.497+00:00,published,new,2026-08-09,,
Deepgram,Sales Development Representative,USA | Remote,https://jobs.ashbyhq.com/deepgram/a6c59ee7-4d92-423c-a6e6-99adcd9e6ff3,,,,2025-07-15T15:50:58.140+00:00,published,new,2026-08-09,,
Deepgram,Corporate Account Executive,USA | Remote,https://jobs.ashbyhq.com/deepgram/91ea80f4-cc54-4c52-8ef5-d2c2b2764640,,5,,2025-09-05T17:07:40.052+00:00,published,new,2026-08-09,,
Deepgram,"Sales Development Representative, Inbound",USA | Remote,https://jobs.ashbyhq.com/deepgram/573b3d93-5c4d-4d6a-928e-4fec4c0bd9a4,,,2026-07-23T16:55:39.541000+00:00,2026-07-23T16:55:39.541000+00:00,published,new,2026-08-09,,
Retell AI,Sales Development Representative (Inbound),San Francisco Bay Area,https://jobs.ashbyhq.com/retell-ai/37429bf6-1b7f-477d-9b1d-f291e73ca2cb,,,,2026-07-01T03:23:06.870+00:00,published,new,2026-08-09,,
LangChain,Commercial Account Executive,"San Francisco, CA",https://jobs.ashbyhq.com/langchain/426359a5-3a48-4b81-ba25-b2f32678b153,,3,,2026-03-24T06:26:11.037+00:00,published,new,2026-08-09,,
LangChain,Sales Development Representative ,"San Francisco, CA",https://jobs.ashbyhq.com/langchain/8b83f97a-12fb-42a6-9697-c3ef07646335,,2,,2026-02-26T16:25:32.496+00:00,published,new,2026-08-09,,
LangChain,Sales Development Representative ,"New York, NY",https://jobs.ashbyhq.com/langchain/792b5e2e-be55-47db-be21-733a9dad8f32,,2,2026-07-29T01:21:26.583000+00:00,2026-07-29T01:21:26.583000+00:00,published,new,2026-08-09,,
LlamaIndex,Mid-Market Account Executive,San Francisco,https://jobs.ashbyhq.com/llamaindex/0486163a-cb3a-4291-a18f-40a92389b7ad,,,,2026-03-25T02:32:05.662+00:00,published,new,2026-08-09,,
LlamaIndex,Business Development Representative (BDR),San Francisco,https://jobs.ashbyhq.com/llamaindex/a639c684-e602-4f10-a715-00fb9c7d5c58,,,2026-07-20T23:58:30.471000+00:00,2026-07-20T23:58:30.471000+00:00,published,new,2026-08-09,,
FireCrawl,Technical BDR,"San Francisco, CA (Hybrid)",https://jobs.ashbyhq.com/firecrawl/4d095906-803f-4987-a5a4-941e3f1a1600,,,2026-08-03T23:09:56.406000+00:00,2026-08-03T23:09:56.406000+00:00,published,new,2026-08-09,,
CodeRabbit,"Account Executive, Startup ","Boston, MA",https://jobs.ashbyhq.com/coderabbit/51b71824-87e1-4270-86e1-c512e1162585,,,2026-07-29T22:56:45.977000+00:00,2026-07-29T22:56:45.977000+00:00,published,new,2026-08-09,,
CodeRabbit,Sales Development Representative - Boston,"Boston, MA",https://jobs.ashbyhq.com/coderabbit/a173742a-4d46-492a-a6b4-7fb1bcb282ca,,1,2026-07-21T15:56:06.968000+00:00,2026-07-21T15:56:06.968000+00:00,published,new,2026-08-09,,
CodeRabbit,"Account Executive, Mid-Market - Boston","Boston, MA",https://jobs.ashbyhq.com/coderabbit/05b6c12c-93f4-41d7-bd37-86e15fbff96f,,,,2026-06-27T00:13:08.009+00:00,published,new,2026-08-09,,
CodeRabbit,Sales Development Representative (SDR) - San Francisco,San Francisco,https://jobs.ashbyhq.com/coderabbit/c03f715e-c9bb-4109-bfeb-c3304b61c8d5,,3,2026-07-31T20:06:03.320000+00:00,2026-07-31T20:06:03.320000+00:00,published,new,2026-08-09,,
Read AI,Growth Account Executive,Read AI - Seattle HQ,https://jobs.ashbyhq.com/read-ai/1f75a09c-1536-4928-90b2-b03024cfc730,,1,,2026-06-19T16:51:37.203+00:00,published,new,2026-08-09,,
Read AI,Mid-Market Account Executive,Read AI - Seattle HQ,https://jobs.ashbyhq.com/read-ai/6c60d638-73ff-4ca7-a1b8-7d4c59298ca6,,3,2026-07-15T23:39:11.980000+00:00,2026-07-15T23:39:11.980000+00:00,published,new,2026-08-09,,
Tavus,Business Development Representative,San Francisco,https://jobs.ashbyhq.com/tavus/9905149d-0234-4440-b709-6a443c653899,,,,2026-07-09T22:49:29.122+00:00,published,new,2026-08-09,,
Harvey,Mid Market Account Executive,San Francisco,https://jobs.ashbyhq.com/harvey/e25c329d-178a-47fa-9278-becd45d9fba3,,,,2025-05-16T17:49:42.550+00:00,published,new,2026-08-09,,
Harvey,SMB Account Executive,New York,https://jobs.ashbyhq.com/harvey/fcfdeffe-5890-49b0-a98f-8689a930c151,,,2026-07-22T19:43:30.470000+00:00,2026-07-22T19:43:30.470000+00:00,published,new,2026-08-09,,
Harvey,SMB Account Executive ,San Francisco,https://jobs.ashbyhq.com/harvey/5c55dd10-fb5d-4d20-8841-4b1261759dad,,,2026-07-20T18:41:03.303000+00:00,2026-07-20T18:41:03.303000+00:00,published,new,2026-08-09,,
Harvey,Sales Development Representative,New York,https://jobs.ashbyhq.com/harvey/a009e4a8-518e-4d92-a0f4-92f2e2dcee7a,,1,2026-07-28T18:14:32.434000+00:00,2026-07-28T18:14:32.434000+00:00,published,new,2026-08-09,,
Harvey,"Business Development Lead, Cloud & AI",San Francisco,https://jobs.ashbyhq.com/harvey/5dced8b9-8d6a-427c-9b09-a92eb07de87f,,10,,2026-04-25T16:23:17.446+00:00,published,new,2026-08-09,,
Harvey,"Account Executive, Mid Market ",Chicago,https://jobs.ashbyhq.com/harvey/af67b63d-b680-4c24-ae6e-3f512cacd98e,,,,2026-04-30T12:00:32.445+00:00,published,new,2026-08-09,,
Harvey,"Mid-Market Account Executive, NY",New York,https://jobs.ashbyhq.com/harvey/99aceabe-916e-4491-97e9-42f2471bf087,,,,2026-06-05T17:49:23.691+00:00,published,new,2026-08-09,,
Harvey,Sales Development Representative,San Francisco,https://jobs.ashbyhq.com/harvey/08d3d70d-80a6-429d-8a27-d5efd41372f5,,1,2026-07-28T18:14:37.845000+00:00,2026-07-28T18:14:37.845000+00:00,published,new,2026-08-09,,
Sierra,Business Development,"San Francisco, CA",https://jobs.ashbyhq.com/sierra/c7e3f330-6649-4c42-920d-eb267ebd6d16,,8,,2026-01-14T17:08:53.435+00:00,published,new,2026-08-09,,
Metaview,"Account Executive, SMB ",San Francisco,https://jobs.ashbyhq.com/metaview/0723669b-5630-4f8c-979e-d1a5e8030486,,1,,2026-04-01T14:18:21.343+00:00,published,new,2026-08-09,,
Metaview,"Account Executive, Mid Market",San Francisco,https://jobs.ashbyhq.com/metaview/72dc4929-868b-4e1a-bb2e-c67bcb86cbe2,,3,,2025-05-13T12:25:37.908+00:00,published,new,2026-08-09,,
Metaview,"Account Executive, Mid Market",New York City,https://jobs.ashbyhq.com/metaview/bb7774bc-752e-461d-9506-9e30388b58c8,,3,,2025-11-07T09:21:02.134+00:00,published,new,2026-08-09,,
Metaview,Sales Development Representative,San Francisco,https://jobs.ashbyhq.com/metaview/c3908995-4a23-4130-9c17-1f96c385dbad,,,,2026-04-01T14:18:40.096+00:00,published,new,2026-08-09,,
Metaview,"Account Executive, SMB",New York City,https://jobs.ashbyhq.com/metaview/2ded57c0-dbcd-48ba-8cbf-af82d9f006ac,,1,,2026-05-18T14:27:53.418+00:00,published,new,2026-08-09,,
Decagon,Sales Development Representative (SDR),San Francisco,https://jobs.ashbyhq.com/decagon/5bf50bc3-f676-4edc-90d2-bc8154d7ee84,,1,,2025-10-28T16:26:34.420+00:00,published,new,2026-08-09,,
Decagon,"Business Development, Private Equity Lead",San Francisco,https://jobs.ashbyhq.com/decagon/502dbac0-66f2-4196-9dd7-c10bb4752b71,,8,,2026-04-28T23:44:31.366+00:00,published,new,2026-08-09,,
AVOCA,Sales Development Representative,New York HQ ,https://jobs.ashbyhq.com/avoca/cd1eaf8a-1eff-471a-bde7-dfe8731837da,,,2026-08-26T15:22:01.106000+00:00,2026-08-26T15:22:01.106000+00:00,published,new,2026-08-09,,
AVOCA,Account Executive,New York HQ ,https://jobs.ashbyhq.com/avoca/3c832c2d-668c-45ac-903d-7bc969379ba4,,5,,2026-05-10T22:50:29.303+00:00,published,new,2026-08-09,,
AVOCA,Sales Development Representative,"Santa Barbara, CA",https://jobs.ashbyhq.com/avoca/3fb8bc5b-275c-467d-bfcb-15d6cd36d15a,,,,2026-05-18T01:11:23.381+00:00,published,new,2026-08-09,,
AVOCA,Account Executive,"Santa Barbara, CA",https://jobs.ashbyhq.com/avoca/9a8bee8c-a2b9-4a30-b89a-e42f6bb044a9,,5,,2026-06-12T04:12:41.694+00:00,published,new,2026-08-09,,
Baseten,Account Executive - AI Native: Startups,San Francisco,https://jobs.ashbyhq.com/baseten/df2f0ebb-a84a-45c2-bc74-dc9589fcc1ae,,1,,2025-08-25T20:49:52.050+00:00,published,new,2026-08-09,,
Baseten,Sales Development Representative - Outbound ,San Francisco,https://jobs.ashbyhq.com/baseten/fdbbf773-0857-4771-8b90-f3dfa1d8683f,,1,,2025-02-05T22:29:16.013+00:00,published,new,2026-08-09,,
Baseten,Account Executive - AI Native: Startups,New York,https://jobs.ashbyhq.com/baseten/1261fe76-f577-4b3d-aac8-df65846ae445,,1,,2026-03-19T23:14:05.012+00:00,published,new,2026-08-09,,
Exa,Account Executive,"San Francisco, California",https://jobs.ashbyhq.com/exa/93317180-34e0-45ff-84a3-d5bca4d7f7ae,,,,2026-05-06T03:37:07.640+00:00,published,new,2026-08-09,,
Exa,Founding Account Executive - NYC,"New York City, San Francisco",https://jobs.ashbyhq.com/exa/e3e0cd05-d71a-491d-a553-2a991741915c,,,,2026-05-20T06:01:16.736+00:00,published,new,2026-08-09,,
Exa,Sales Development Representative,"San Francisco, California",https://jobs.ashbyhq.com/exa/dc8a6537-12b4-40af-b8da-55639a01dca3,,1,,2026-05-06T07:04:48.351+00:00,published,new,2026-08-09,,
OpenRouter,Account Executive,Remote (US),https://jobs.ashbyhq.com/openrouter/22d85a56-5500-40a5-9913-c98558d77f41,,,2026-07-16T17:20:31.928000+00:00,2026-07-16T17:20:31.928000+00:00,published,new,2026-08-09,,
OpenRouter,Business Development Representative ,Remote (US),https://jobs.ashbyhq.com/openrouter/69c4fe23-137b-4995-8ad1-25123bee06fb,,2,2026-07-30T16:53:37.909000+00:00,2026-07-30T16:53:37.909000+00:00,published,new,2026-08-09,,
Hex,"Account Executive, Commercial",San Francisco,https://jobs.ashbyhq.com/hex/7a70a2fd-35af-44d5-8fc1-4b5096a67e5c,,1,,2024-08-21T05:28:43.187+00:00,published,new,2026-08-09,,
Hex,Mid-Market Account Executive (International),New York,https://jobs.ashbyhq.com/hex/d8760ad5-7228-4c94-b86a-d198531096fd,,3,,2026-01-16T15:33:40.555+00:00,published,new,2026-08-09,,
Hex,Mid-Market Account Executive,San Francisco,https://jobs.ashbyhq.com/hex/4a2311c7-1119-4ddc-9b2c-4b44ffc3e080,,3,,2024-11-04T19:18:08.776+00:00,published,new,2026-08-09,,
Hex,Sales Development Representative,New York,https://jobs.ashbyhq.com/hex/93be0230-02b0-422c-95f2-128a430e5673,,,,2025-01-24T23:42:24.613+00:00,published,new,2026-08-09,,
n8n,Mid-Market Account Executive US,Boston,https://jobs.ashbyhq.com/n8n/dfcf02c3-e74e-4fa9-b86b-4b7549444cb0,,3,2026-08-21T08:47:02.603000+00:00,2026-08-21T08:47:02.603000+00:00,published,new,2026-08-09,,
n8n,Account Executive Talent Pool US,New York,https://jobs.ashbyhq.com/n8n/ce930abc-2c80-4f42-adb9-4377bb56c3f1,,,,2026-02-06T14:21:44.550+00:00,published,new,2026-08-09,,
n8n,Sales Development Representative,Boston,https://jobs.ashbyhq.com/n8n/c0e4639b-2892-4aef-91d7-a57d8c9f96d2,,,,2026-05-07T15:20:54.109+00:00,published,new,2026-08-09,,
Browserbase,Account Executive,San Francisco,https://jobs.ashbyhq.com/browserbase/da147914-cd4e-4451-811e-8687f26a2ce9,,5,2026-07-17T18:47:57.727000+00:00,2026-07-17T18:47:57.727000+00:00,published,new,2026-08-09,,
Browserbase,Business Development Intern,San Francisco,https://jobs.ashbyhq.com/browserbase/b81701e4-eca5-4fc5-8d42-ddd39a4810fe,,,,2026-08-07T23:29:46.761+00:00,published,new,2026-08-09,,
Attio,Account Executive,New York,https://jobs.ashbyhq.com/attio/d3f7d63a-2646-449e-b244-cd74e270fb5c,,2,,2026-05-29T21:04:48.348+00:00,published,new,2026-08-09,,
Attio,Account Executive,San Francisco,https://jobs.ashbyhq.com/attio/acbedaad-aa1e-4c9f-bce2-cca372cd2751,,2,,2026-05-29T21:05:18.026+00:00,published,new,2026-08-09,,
MongoDB,Inside Account Executive,San Francisco; Utah,https://www.mongodb.com/careers/job/?gh_jid=8126598,True,3,2026-08-13T15:04:31-04:00,2026-08-21T15:40:40-04:00,updated,new,2026-08-17,,
Stripe,"Account Executive, Commercial (Grower)",Chicago,https://stripe.com/jobs/search?gh_jid=8123027,True,,2026-08-11T19:45:35-04:00,2026-08-18T17:38:49-04:00,updated,new,2026-08-17,,
Stripe,"Account Executive, Startups (Grower)",Chicago,https://stripe.com/jobs/search?gh_jid=8068565,True,5,2026-08-12T20:12:11-04:00,2026-08-18T17:38:46-04:00,updated,new,2026-08-17,,
Stripe,"Account Executive, Startups (Scaled Grower)",San Francisco,https://stripe.com/jobs/search?gh_jid=8128900,True,2,2026-08-13T21:12:37-04:00,2026-08-18T17:38:49-04:00,updated,new,2026-08-17,,
Elastic,Territory Account Executive - Central,United States,https://jobs.elastic.co/jobs?gh_jid=8129434&gh_jid=8129434,True,2,2026-08-13T20:36:19-04:00,2026-08-27T19:24:49-04:00,updated,new,2026-08-17,,
Elastic,Territory Account Executive - NYC,"New York City, NY",https://jobs.elastic.co/jobs?gh_jid=8114130&gh_jid=8114130,True,2,,2026-08-11T13:26:21-04:00,updated,new,2026-08-17,,
Zscaler,Account Executive - Fed Civilian,"Remote - D.C., USA",https://job-boards.greenhouse.io/zscaler/jobs/5207284007,True,,2026-08-12T13:32:12-04:00,2026-08-25T17:23:28-04:00,updated,new,2026-08-17,,
Instacart,"Retail Lead, Sales Development",United States - Remote,https://instacart.careers/job/?gh_jid=8122997,True,4,2026-08-12T13:01:47-04:00,2026-08-24T13:15:00-04:00,updated,new,2026-08-17,,
Toast,Customer Growth Account Executive,"St Louis, MO",https://careers.toasttab.com/jobs?gh_jid=8119408,True,2,,2026-08-10T13:58:54-04:00,updated,new,2026-08-17,,
Toast,Customer Growth Account Executive,"Columbia, MO",https://careers.toasttab.com/jobs?gh_jid=8119933,True,2,,2026-08-10T13:58:55-04:00,updated,new,2026-08-17,,
Toast,Customer Growth Account Executive,"Jefferson City, MO",https://careers.toasttab.com/jobs?gh_jid=8119955,True,2,,2026-08-10T14:07:31-04:00,updated,new,2026-08-17,,
Toast,Customer Growth Sales Account Executive,"Cary, NC",https://careers.toasttab.com/jobs?gh_jid=8119947,True,2,,2026-08-10T14:04:18-04:00,updated,new,2026-08-17,,
Toast,Customer Growth Sales Account Executive,"Geneva, IL",https://careers.toasttab.com/jobs?gh_jid=8120072,True,2,,2026-08-10T14:54:57-04:00,updated,new,2026-08-17,,
Toast,Customer Growth Sales Account Executive,"St. Charles, IL",https://careers.toasttab.com/jobs?gh_jid=8120077,True,2,,2026-08-10T14:54:57-04:00,updated,new,2026-08-17,,
Toast,Customer Growth Sales Account Executive,"Kansas City, MO",https://careers.toasttab.com/jobs?gh_jid=8119410,True,2,,2026-08-10T14:54:56-04:00,updated,new,2026-08-17,,
Toast,Customer Growth Sales Account Executive,"Durham, NC",https://careers.toasttab.com/jobs?gh_jid=8119950,True,2,,2026-08-10T14:06:15-04:00,updated,new,2026-08-17,,
Toast,Customer Growth Sales Account Executive,"Morrisville, NC",https://careers.toasttab.com/jobs?gh_jid=8119951,True,2,,2026-08-10T14:06:15-04:00,updated,new,2026-08-17,,
Toast,Customer Growth Sales Account Executive,"Wake Forest, NC",https://careers.toasttab.com/jobs?gh_jid=8119952,True,2,,2026-08-10T14:06:14-04:00,updated,new,2026-08-17,,
Toast,Customer Growth Sales Account Executive,"Raleigh, NC",https://careers.toasttab.com/jobs?gh_jid=8119412,True,2,,2026-08-10T14:04:17-04:00,updated,new,2026-08-17,,
Toast,Customer Growth Sales Account Executive,"West Chester, PA",https://careers.toasttab.com/jobs?gh_jid=8119883,True,2,,2026-08-12T00:35:12-04:00,updated,new,2026-08-17,,
Toast,Customer Growth Sales Account Executive,"Bethlehem, PA",https://careers.toasttab.com/jobs?gh_jid=8119885,True,2,,2026-08-12T00:35:12-04:00,updated,new,2026-08-17,,
Toast,Customer Growth Sales Account Executive,"Allentown, PA",https://careers.toasttab.com/jobs?gh_jid=8119880,True,2,,2026-08-12T00:35:12-04:00,updated,new,2026-08-17,,
Toast,Customer Growth Sales Account Executive,"Easton, PA",https://careers.toasttab.com/jobs?gh_jid=8119879,True,2,,2026-08-12T00:35:12-04:00,updated,new,2026-08-17,,
Toast,Customer Growth Sales Account Executive,"Philadelphia, PA",https://careers.toasttab.com/jobs?gh_jid=8119416,True,2,,2026-08-12T00:35:12-04:00,updated,new,2026-08-17,,
Toast,Customer Growth Sales Account Executive,"Columbus, OH",https://careers.toasttab.com/jobs?gh_jid=8067675,True,2,2026-07-15T13:45:59-04:00,2026-08-21T11:07:41-04:00,updated,new,2026-08-17,,
Toast,"Flex Territory Account Executive, SMB - East Bay/Napa","San Francisco, CA",https://careers.toasttab.com/jobs?gh_jid=8125695,True,1,2026-08-14T10:43:50-04:00,2026-08-14T11:58:04-04:00,updated,new,2026-08-17,,
Toast,"Territory Account Executive, Retail  - Carmel, IN","Carmel, IN",https://careers.toasttab.com/jobs?gh_jid=8119854,True,,2026-08-12T10:28:37-04:00,2026-08-12T11:27:13-04:00,updated,new,2026-08-17,,
Toast,"Territory Account Executive , Retail - Covington, GA","Covington, GA",https://careers.toasttab.com/jobs?gh_jid=8118757,True,,2026-08-10T08:00:10-04:00,2026-08-10T08:00:10-04:00,updated,new,2026-08-17,,
Toast,"Territory Account Executive , Retail - Decatur, GA","Decatur, GA",https://careers.toasttab.com/jobs?gh_jid=8109795,True,,2026-08-10T08:00:10-04:00,2026-08-10T08:00:10-04:00,updated,new,2026-08-17,,
Toast,"Territory Account Executive, Retail- Jeffersonville, IN","Jeffersonville, IN",https://careers.toasttab.com/jobs?gh_jid=8125655,True,,2026-08-12T10:43:11-04:00,2026-08-12T10:43:11-04:00,updated,new,2026-08-17,,
Toast,"Territory Account Executive, Retail - Lafayette, IN","Lafayette, IN",https://careers.toasttab.com/jobs?gh_jid=8125778,True,,2026-08-12T11:26:55-04:00,2026-08-12T11:30:31-04:00,updated,new,2026-08-17,,
Toast,"Territory Account Executive, Retail- Louisville, KY","Louisville, KY",https://careers.toasttab.com/jobs?gh_jid=8125515,True,,2026-08-12T10:43:10-04:00,2026-08-12T10:43:10-04:00,updated,new,2026-08-17,,
Toast,"Territory Account Executive, Retail- New Albany, IN","New Albany, IN",https://careers.toasttab.com/jobs?gh_jid=8125653,True,,2026-08-12T10:43:10-04:00,2026-08-12T10:43:10-04:00,updated,new,2026-08-17,,
Toast,"Territory Account Executive, Retail - Southwest St. Louis, MO","Columbia, MO",https://careers.toasttab.com/jobs?gh_jid=7926519,True,,,2026-08-12T11:59:23-04:00,updated,new,2026-08-17,,
Toast,"Territory Account Executive, Retail - Southwest St. Louis, MO","St. Charles, MO",https://careers.toasttab.com/jobs?gh_jid=7736066,True,,,2026-08-12T11:59:22-04:00,updated,new,2026-08-17,,
Toast,"Territory Account Executive, SMB","Freemont, OH ",https://careers.toasttab.com/jobs?gh_jid=8129930,True,1,2026-08-14T09:24:41-04:00,2026-08-14T09:24:41-04:00,updated,new,2026-08-17,,
Toast,"Territory Account Executive, SMB","Lorain, OH",https://careers.toasttab.com/jobs?gh_jid=8129932,True,1,,2026-08-14T09:25:24-04:00,updated,new,2026-08-17,,
Toast,"Territory Account Executive, SMB - Long Beach Island, NJ","Long Beach Island, NJ",https://careers.toasttab.com/jobs?gh_jid=8129914,True,1,2026-08-14T09:13:55-04:00,2026-08-14T09:13:55-04:00,updated,new,2026-08-17,,
Toast,"Territory Account Executive, SMB - Ocean City, NJ","Ocean City, NJ",https://careers.toasttab.com/jobs?gh_jid=8119701,True,1,2026-08-11T09:48:32-04:00,2026-08-11T09:48:32-04:00,updated,new,2026-08-17,,
Toast,"Territory Account Executive , SMB - Pittsburgh, PA","Pittsburgh, PA",https://careers.toasttab.com/jobs?gh_jid=8121501,True,1,,2026-08-11T12:12:51-04:00,updated,new,2026-08-17,,
Toast,"Territory Account Executive, SMB - Toms River, NJ","Toms River, NJ",https://careers.toasttab.com/jobs?gh_jid=8129913,True,1,2026-08-14T09:13:07-04:00,2026-08-14T09:13:07-04:00,updated,new,2026-08-17,,
Perplexity,"Account Executive, API",San Francisco,https://jobs.ashbyhq.com/perplexity/5551fd7b-9ede-460e-9b38-4328c476a521,,,2026-08-10T21:48:58.313000+00:00,2026-08-10T21:48:58.313000+00:00,published,new,2026-08-17,,
Vercel,"Scaled Commercial Account Executive, Install base ","Hybrid - San Francisco, New York City, Austin",https://job-boards.greenhouse.io/vercel/jobs/6142097004,,,2026-08-12T12:23:41-04:00,2026-08-18T18:06:19-04:00,updated,new,2026-08-17,,
Databricks,"Geo Core Account Executive, Central America & Caribbean","Florida, United States",https://databricks.com/company/careers/open-positions/job?gh_jid=8707779002,True,,2026-08-13T15:06:04-04:00,2026-08-18T13:17:07-04:00,updated,new,2026-08-17,,
Exa,Sales Development Representative,New York City,https://jobs.ashbyhq.com/exa/7975f948-6c90-4c49-9cf4-54645a3f343f,,1,2026-08-13T16:19:51.688000+00:00,2026-08-13T16:19:51.688000+00:00,published,new,2026-08-17,,
PostHog,Technical Account Executive (SF/U.S. West Coast),"San Francisco, CA",https://jobs.ashbyhq.com/posthog/cb9fcbfc-cdc6-4425-9804-08c81cc85e40,,,2026-08-12T12:23:19.883000+00:00,2026-08-12T12:23:19.883000+00:00,published,new,2026-08-17,,
MongoDB,Inside Account Executive,Chicago,https://www.mongodb.com/careers/job/?gh_jid=8122877,True,1,2026-08-17T14:11:40-04:00,2026-08-21T16:50:13-04:00,updated,new,2026-08-18,,
Stripe,"Account Executive, SMB (Grower)",Chicago,https://stripe.com/jobs/search?gh_jid=8128772,True,2,2026-08-17T15:45:44-04:00,2026-08-18T17:38:49-04:00,updated,new,2026-08-18,,
Stripe,"Account Executive, SMB (New Business)",Chicago,https://stripe.com/jobs/search?gh_jid=7576999,True,2,2026-02-02T14:29:29-05:00,2026-08-18T17:38:41-04:00,updated,new,2026-08-18,,
Stripe,"Account Executive, Velocity Platforms (Hunter)",Chicago,https://stripe.com/jobs/search?gh_jid=8128632,True,2,2026-08-17T13:45:33-04:00,2026-08-24T17:39:16-04:00,updated,new,2026-08-18,,
Brex,"Account Executive, YC","San Francisco, California, United States",https://www.brex.com/careers/8721806002?gh_jid=8721806002,,,2026-08-17T14:48:31-04:00,2026-08-19T09:53:00-04:00,updated,new,2026-08-18,,
GitLab,"Commercial Account Executive, Northern Cone","Remote, Mexico; Remote, United States",https://job-boards.greenhouse.io/gitlab/jobs/8684071002,,,2026-08-11T19:50:54-04:00,2026-08-11T19:50:54-04:00,updated,new,2026-08-28,,
Stripe,"Account Executive, AI Startups (Hunter)",San Francisco,https://stripe.com/jobs/search?gh_jid=8130725,True,,2026-08-19T14:02:07-04:00,2026-08-19T14:02:07-04:00,updated,new,2026-08-28,,
Stripe,"Account Executive, SMB (Grower)",Chicago,https://stripe.com/jobs/search?gh_jid=8156996,True,5,2026-08-25T12:56:13-04:00,2026-08-25T12:56:13-04:00,updated,new,2026-08-28,,
Stripe,"Account Executive, Startups (Grower)",San Francisco,https://stripe.com/jobs/search?gh_jid=8128552,True,3,2026-08-18T18:44:24-04:00,2026-08-18T18:44:24-04:00,updated,new,2026-08-28,,
Zscaler,"Specialist Account Executive, SecOps - Commercial, IL/OH/CO","Remote - Colorado, USA; Remote - Illinois, USA; Remote - Ohio, USA",https://job-boards.greenhouse.io/zscaler/jobs/5216237007,True,,2026-08-21T16:16:45-04:00,2026-08-21T16:16:45-04:00,updated,new,2026-08-28,,
Samsara,"Account Executive, Commercial",Remote - US,https://www.samsara.com/company/careers/roles/7612462?gh_jid=7612462,True,1,2026-08-25T12:11:19-04:00,2026-08-25T12:13:37-04:00,updated,new,2026-08-28,,
Twilio,Digital Sales Representative 2,Remote - US,https://job-boards.greenhouse.io/twilio/jobs/8122899,True,1,2026-08-18T11:57:16-04:00,2026-08-27T19:32:58-04:00,updated,new,2026-08-28,,
ZoomInfo, Account Executive  - GTM Overlay,"Bethesda, Maryland, United States; Vancouver, Washington, United States; Waltham, Massachusetts, United States",https://www.zoominfo.com/careers?gh_jid=8622943002,,3,2026-07-14T11:11:39-04:00,2026-08-14T14:20:35-04:00,updated,new,2026-08-28,,
ZoomInfo,Sales Development Representative I,"Bethesda, Maryland, United States; Vancouver, Washington, United States; Waltham, Massachusetts, United States",https://www.zoominfo.com/careers?gh_jid=8736993002,,,2026-08-21T09:21:01-04:00,2026-08-24T13:10:46-04:00,updated,new,2026-08-28,,
Toast,Customer Growth Sales Account Executive,"Delaware, OH",https://careers.toasttab.com/jobs?gh_jid=8147377,True,2,2026-08-21T11:09:20-04:00,2026-08-21T11:09:20-04:00,updated,new,2026-08-28,,
Toast,Customer Growth Sales Account Executive,"Salt Lake City, UT",https://careers.toasttab.com/jobs?gh_jid=8139426,True,2,2026-08-20T11:03:53-04:00,2026-08-20T11:03:53-04:00,updated,new,2026-08-28,,
Toast,Customer Growth Sales Account Executive,"Dublin, OH",https://careers.toasttab.com/jobs?gh_jid=8147379,True,2,2026-08-21T11:10:18-04:00,2026-08-21T11:10:18-04:00,updated,new,2026-08-28,,
Toast,Customer Growth Sales Account Executive,"Newark, OH",https://careers.toasttab.com/jobs?gh_jid=8147380,True,2,2026-08-21T11:11:51-04:00,2026-08-21T11:11:51-04:00,updated,new,2026-08-28,,
Toast,Customer Growth Sales Account Executive,"Westerville, OH",https://careers.toasttab.com/jobs?gh_jid=8147381,True,2,2026-08-21T11:12:38-04:00,2026-08-21T11:12:38-04:00,updated,new,2026-08-28,,
Toast,"Territory Account Executive , Retail - Charlottesville, VA","Charlottesville, VA",https://careers.toasttab.com/jobs?gh_jid=8159490,True,,2026-08-26T11:31:59-04:00,2026-08-26T11:31:59-04:00,updated,new,2026-08-28,,
Toast,"Territory Account Executive, Retail - Newark, NJ","Newark, NJ",https://careers.toasttab.com/jobs?gh_jid=8155033,True,,2026-08-24T15:48:03-04:00,2026-08-27T14:26:17-04:00,updated,new,2026-08-28,,
Toast,"Territory Account Executive, SMB - Burlington, NJ","Burlington, NJ",https://careers.toasttab.com/jobs?gh_jid=8132363,True,1,2026-08-18T13:31:13-04:00,2026-08-18T13:31:13-04:00,updated,new,2026-08-28,,
Toast,"Territory Account Executive, SMB - Lafayette, IN","Lafayette, IN",https://careers.toasttab.com/jobs?gh_jid=8161701,True,1,2026-08-27T16:16:46-04:00,2026-08-27T16:16:46-04:00,updated,new,2026-08-28,,
Toast,"Territory Account Executive , SMB - Lincoln/West Omaha, NE ","Omaha, NE",https://careers.toasttab.com/jobs?gh_jid=8152210,True,1,2026-08-23T21:23:10-04:00,2026-08-23T21:23:10-04:00,updated,new,2026-08-28,,
Toast,"Territory Account Executive , SMB - NW Houston, TX","Houston, TX",https://careers.toasttab.com/jobs?gh_jid=8152207,True,1,2026-08-23T21:16:38-04:00,2026-08-23T21:16:38-04:00,updated,new,2026-08-28,,
Toast,"Territory Account Executive , SMB - Westchester, PA","West Chester, PA",https://careers.toasttab.com/jobs?gh_jid=8142633,True,1,2026-08-20T09:36:35-04:00,2026-08-20T09:36:35-04:00,updated,new,2026-08-28,,
Smartsheet,"Account Executive, Commercial - Mid Market (West)","San Francisco, CA, USA",https://job-boards.greenhouse.io/smartsheet/jobs/8142245,True,3,2026-08-19T14:16:59-04:00,2026-08-24T14:40:03-04:00,updated,new,2026-08-28,,
Smartsheet,"Account Executive, Commercial - Mid Market (West)","Bellevue, WA, USA",https://job-boards.greenhouse.io/smartsheet/jobs/8142243,True,3,2026-08-19T14:16:58-04:00,2026-08-24T14:40:03-04:00,updated,new,2026-08-28,,
Snowflake,Account Executive,US-NY-New York,https://jobs.ashbyhq.com/snowflake/fa58773d-db3d-47cb-898e-037543e486ae,True,10,2026-08-19T00:09:48.422000+00:00,2026-08-19T00:09:48.422000+00:00,published,new,2026-08-28,,
Snowflake,"Account Executive, Commercial",US-CO-Denver,https://jobs.ashbyhq.com/snowflake/1d940622-e9ae-4b70-80ac-81a55d350fa7,True,1,2026-08-25T21:06:55.689000+00:00,2026-08-25T21:06:55.689000+00:00,published,new,2026-08-28,,
Snowflake,"Account Executive, Commercial Acquisition",US-GA-Atlanta,https://jobs.ashbyhq.com/snowflake/64b28409-695b-438f-8914-43794f5d1501,True,2,2026-08-26T14:33:59.995000+00:00,2026-08-26T14:33:59.995000+00:00,published,new,2026-08-28,,
Ramp,Sales Development Representative | Inbound,"New York, NY (HQ)",https://jobs.ashbyhq.com/ramp/f98771d6-e685-4b91-a466-71789c238e33,,,2026-08-21T23:16:14.436000+00:00,2026-08-21T23:16:14.436000+00:00,published,new,2026-08-28,,
Vanta,"Sales Development Representative, Early Stage","San Francisco, CA",https://jobs.ashbyhq.com/vanta/c4652ceb-a50d-4dad-ab08-a386617a53f5,,,2026-08-24T19:29:23.328000+00:00,2026-08-24T19:29:23.328000+00:00,published,new,2026-08-28,,
Anthropic,"Account Executive, Startups","San Francisco, CA | New York City, NY",https://job-boards.greenhouse.io/anthropic/jobs/5400138008,,4,2026-08-24T16:19:13-04:00,2026-08-24T16:19:13-04:00,updated,new,2026-08-28,,
Anthropic,BDR Enablement Lead,"San Francisco, CA | New York City, NY",https://job-boards.greenhouse.io/anthropic/jobs/5390984008,,5,2026-08-19T16:47:14-04:00,2026-08-21T12:50:57-04:00,updated,new,2026-08-28,,
Anthropic,Business Development Representative,"San Francisco, CA | New York City, NY",https://job-boards.greenhouse.io/anthropic/jobs/5396186008,,2,2026-08-19T16:57:33-04:00,2026-08-21T12:51:10-04:00,updated,new,2026-08-28,,
Databricks,Geo Core Account Executive - Digital Natives,United States,https://databricks.com/company/careers/open-positions/job?gh_jid=8641168002,True,3,2026-08-27T12:06:58-04:00,2026-08-27T12:06:58-04:00,updated,new,2026-08-28,,
Cursor,Sales Development Representative - New York,New York,https://jobs.ashbyhq.com/cursor/8dc2a190-cde2-4c81-a1a8-bd1bc264a8fb,,2,2026-08-28T00:17:18.304000+00:00,2026-08-28T00:17:18.304000+00:00,published,new,2026-08-28,,
Cursor,"Account Executive, Commercial Expansion - New York",New York,https://jobs.ashbyhq.com/cursor/1d56ed97-eee3-406d-91e2-7feed88ce6f0,,2,2026-08-26T17:19:54.836000+00:00,2026-08-26T17:19:54.836000+00:00,published,new,2026-08-28,,
LangChain,Commercial Account Executive,"New York, NY",https://jobs.ashbyhq.com/langchain/01b42b2d-538f-4d5f-b9f1-2de1197bc0cb,,3,2026-08-20T16:02:43.126000+00:00,2026-08-20T16:02:43.126000+00:00,published,new,2026-08-28,,
Photoroom,Account Executive,New York City,https://jobs.ashbyhq.com/photoroom/0ba8e8c5-7e32-4f4f-868f-0b0d6458eae2,,,2026-08-25T10:15:36.347000+00:00,2026-08-25T10:15:36.347000+00:00,published,new,2026-08-28,,
Baseten,Sales Development Representative - Inbound,San Francisco,https://jobs.ashbyhq.com/baseten/49aaa88c-75b5-4d4e-b726-28bfecd4300e,,,2026-08-19T02:02:56.146000+00:00,2026-08-19T02:02:56.146000+00:00,published,new,2026-08-28,,
AWS,"Pr ProServe Account Executive - ISV/ Gaming, NAMER ISV/ Gaming","Chicago, Illinois, USA",https://www.amazon.jobs/en/jobs/10517443/pr-proserve-account-executive-isv-gaming-namer-isv-gaming,True,10,2026-08-27T00:00:00+00:00,2026-08-27T00:00:00+00:00,published,new,2026-08-28,,
AWS,Associate Account Executive ,"Arlington, Virginia, USA",https://www.amazon.jobs/en/jobs/10517674/associate-account-executive,True,,2026-08-27T00:00:00+00:00,2026-08-27T00:00:00+00:00,published,new,2026-08-28,,
AWS,"Prin. ProServe Account Executive, AWS WWPS Professional Services","Herndon, Virginia, USA",https://www.amazon.jobs/en/jobs/10509305/prin-proserve-account-executive-aws-wwps-professional-services,True,,2026-08-20T00:00:00+00:00,2026-08-20T00:00:00+00:00,published,new,2026-08-28,,
AWS,"Account Executive – ARMY, US FED","Arlington, Virginia, USA",https://www.amazon.jobs/en/jobs/10516769/account-executive-army-us-fed,True,,2026-08-27T00:00:00+00:00,2026-08-27T00:00:00+00:00,published,new,2026-08-28,,
AWS,"Associate Account Executive , SMB Engaged","Arlington, Virginia, USA",https://www.amazon.jobs/en/jobs/10504262/associate-account-executive-smb-engaged,True,,2026-08-17T00:00:00+00:00,2026-08-17T00:00:00+00:00,published,new,2026-08-28,,
AWS,"Associate Account Executive , SMB Engaged","Seattle, Washington, USA",https://www.amazon.jobs/en/jobs/10504258/associate-account-executive-smb-engaged,True,,2026-08-17T00:00:00+00:00,2026-08-17T00:00:00+00:00,published,new,2026-08-28,,
AWS,"Associate Account Executive, Startups","Arlington, Virginia, USA",https://www.amazon.jobs/en/jobs/10506911/associate-account-executive-startups,True,,2026-08-19T00:00:00+00:00,2026-08-19T00:00:00+00:00,published,new,2026-08-28,,
AWS,"Associate Account Executive, Startups","Seattle, Washington, USA",https://www.amazon.jobs/en/jobs/10506912/associate-account-executive-startups,True,,2026-08-19T00:00:00+00:00,2026-08-19T00:00:00+00:00,published,new,2026-08-28,,
AWS,"Associate Account Executive, ISV","Seattle, Washington, USA",https://www.amazon.jobs/en/jobs/10501015/associate-account-executive-isv,True,,2026-08-13T00:00:00+00:00,2026-08-13T00:00:00+00:00,published,new,2026-08-28,,
AWS,"Associate Account Executive, ISV","Arlington, Virginia, USA",https://www.amazon.jobs/en/jobs/10501016/associate-account-executive-isv,True,,2026-08-13T00:00:00+00:00,2026-08-13T00:00:00+00:00,published,new,2026-08-28,,
AWS,"Associate Account Executive, ISV","Seattle, Washington, USA",https://www.amazon.jobs/en/jobs/10498869/associate-account-executive-isv,True,,2026-08-11T00:00:00+00:00,2026-08-11T00:00:00+00:00,published,new,2026-08-28,,
AWS,"Pr ProServe Account Executive - Financial Services, NAMER FINANCIAL SERVICES","Chicago, Illinois, USA",https://www.amazon.jobs/en/jobs/10498052/pr-proserve-account-executive-financial-services-namer-financial-services,True,10,2026-08-11T00:00:00+00:00,2026-08-11T00:00:00+00:00,published,new,2026-08-28,,
AWS,"Associate Account Executive , SMB Engaged","Arlington, Virginia, USA",https://www.amazon.jobs/en/jobs/10496493/associate-account-executive-smb-engaged,True,,2026-08-08T00:00:00+00:00,2026-08-08T00:00:00+00:00,published,new,2026-08-28,,
AWS,"Associate Account Executive , Digital Acquisition","Arlington, Virginia, USA",https://www.amazon.jobs/en/jobs/10493496/associate-account-executive-digital-acquisition,True,,2026-08-05T00:00:00+00:00,2026-08-05T00:00:00+00:00,published,new,2026-08-28,,
AWS,"Associate Account Executive , Digital Acquisition","Arlington, Virginia, USA",https://www.amazon.jobs/en/jobs/10493499/associate-account-executive-digital-acquisition,True,,2026-08-05T00:00:00+00:00,2026-08-05T00:00:00+00:00,published,new,2026-08-28,,
AWS,"Account Executive - Nonprofits, AWS Nonprofits","Arlington, Virginia, USA",https://www.amazon.jobs/en/jobs/10493129/account-executive-nonprofits-aws-nonprofits,True,,2026-08-05T00:00:00+00:00,2026-08-05T00:00:00+00:00,published,new,2026-08-28,,
AWS,"Associate Account Executive , Advertising/Marketing","Austin, Texas, USA",https://www.amazon.jobs/en/jobs/10494583/associate-account-executive-advertising-marketing,True,,2026-08-06T00:00:00+00:00,2026-08-06T00:00:00+00:00,published,new,2026-08-28,,
AWS,"Associate Account Executive, ISV","Seattle, Washington, USA",https://www.amazon.jobs/en/jobs/10490781/associate-account-executive-isv,True,,2026-08-03T00:00:00+00:00,2026-08-03T00:00:00+00:00,published,new,2026-08-28,,
AWS,"Associate Account Executive, ISV","Seattle, Washington, USA",https://www.amazon.jobs/en/jobs/10490779/associate-account-executive-isv,True,,2026-08-03T00:00:00+00:00,2026-08-03T00:00:00+00:00,published,new,2026-08-28,,
AWS,"Sponsorship Sales Account Executive, LCS, Agency Development Team","New York, New York, USA",https://www.amazon.jobs/en/jobs/10506843/sponsorship-sales-account-executive-lcs-agency-development-team,True,,2026-08-19T00:00:00+00:00,2026-08-19T00:00:00+00:00,published,new,2026-08-28,,
AWS,"Account Executive, U.S. Army, US Army Team","Arlington, Virginia, USA",https://www.amazon.jobs/en/jobs/10487108/account-executive-u-s-army-us-army-team,True,,2026-07-29T00:00:00+00:00,2026-07-29T00:00:00+00:00,published,new,2026-08-28,,
AWS,"AWS Account Executive - State of Indiana, SLG/EDU","Indiana, USA",https://www.amazon.jobs/en/jobs/10485988/aws-account-executive-state-of-indiana-slg-edu,True,,2026-07-28T00:00:00+00:00,2026-07-28T00:00:00+00:00,published,new,2026-08-28,,
AWS,"Associate Account Executive , Advertising/Marketing","Austin, Texas, USA",https://www.amazon.jobs/en/jobs/10481001/associate-account-executive-advertising-marketing,True,,2026-07-22T00:00:00+00:00,2026-07-22T00:00:00+00:00,published,new,2026-08-28,,
AWS,"Associate Account Executive , SMB Engaged","Austin, Texas, USA",https://www.amazon.jobs/en/jobs/10477855/associate-account-executive-smb-engaged,True,,2026-07-17T00:00:00+00:00,2026-07-17T00:00:00+00:00,published,new,2026-08-28,,
AWS,"Associate Account Executive, Startups","Arlington, Virginia, USA",https://www.amazon.jobs/en/jobs/10506903/associate-account-executive-startups,True,,2026-08-19T00:00:00+00:00,2026-08-19T00:00:00+00:00,published,new,2026-08-28,,
AWS,"Associate Account Executive, Startups","Arlington, Virginia, USA",https://www.amazon.jobs/en/jobs/10506908/associate-account-executive-startups,True,,2026-08-19T00:00:00+00:00,2026-08-19T00:00:00+00:00,published,new,2026-08-28,,
AWS,"Associate Account Executive, Startups","Seattle, Washington, USA",https://www.amazon.jobs/en/jobs/10506938/associate-account-executive-startups,True,,2026-08-19T00:00:00+00:00,2026-08-19T00:00:00+00:00,published,new,2026-08-28,,
AWS,"Account Executive, Healthcare, Amazon Business","Austin, Texas, USA",https://www.amazon.jobs/en/jobs/10507543/account-executive-healthcare-amazon-business,True,,2026-08-20T00:00:00+00:00,2026-08-20T00:00:00+00:00,published,new,2026-08-28,,
AWS,"Account Executive, Amazon Business Education","Texas, USA",https://www.amazon.jobs/en/jobs/10504307/account-executive-amazon-business-education,True,,2026-08-17T00:00:00+00:00,2026-08-17T00:00:00+00:00,published,new,2026-08-28,,
AWS,"Account Executive, Commercial - Distributed Locations, Hospitality, Amazon Business","Austin, Texas, USA",https://www.amazon.jobs/en/jobs/10503912/account-executive-commercial-distributed-locations-hospitality-amazon-business,True,,2026-08-17T00:00:00+00:00,2026-08-17T00:00:00+00:00,published,new,2026-08-28,,
AWS,"Account Executive, Commercial Sector - Corporate Team, Amazon Business ","Arlington, Virginia, USA",https://www.amazon.jobs/en/jobs/10507541/account-executive-commercial-sector-corporate-team-amazon-business,True,,2026-08-20T00:00:00+00:00,2026-08-20T00:00:00+00:00,published,new,2026-08-28,,
AWS,"Account Executive, US LCS Acquisition","Santa Monica, California, USA",https://www.amazon.jobs/en/jobs/10517520/account-executive-us-lcs-acquisition,True,,2026-08-27T00:00:00+00:00,2026-08-27T00:00:00+00:00,published,new,2026-08-28,,
AWS," Account Executive, Higher Education Sales, AB","California, USA",https://www.amazon.jobs/en/jobs/10500278/account-executive-higher-education-sales-ab,True,,2026-08-12T00:00:00+00:00,2026-08-12T00:00:00+00:00,published,new,2026-08-28,,
AWS,"Account Executive, Local Ads, Central Region","Chicago, Illinois, USA",https://www.amazon.jobs/en/jobs/10503742/account-executive-local-ads-central-region,True,,2026-08-17T00:00:00+00:00,2026-08-17T00:00:00+00:00,published,new,2026-08-28,,
AWS,"Account Executive, Amazon Veeqo","Austin, Texas, USA",https://www.amazon.jobs/en/jobs/10491096/account-executive-amazon-veeqo,True,,2026-08-03T00:00:00+00:00,2026-08-03T00:00:00+00:00,published,new,2026-08-28,,
AWS,"Account Executive – Navy & Marine Corps, DoW, US FED","Arlington, Virginia, USA",https://www.amazon.jobs/en/jobs/10479211/account-executive-navy-marine-corps-dow-us-fed,True,2,2026-07-20T00:00:00+00:00,2026-07-20T00:00:00+00:00,published,new,2026-08-28,,
AWS,"Account Executive II, PubSec GOV - State & Local, Amazon Business","Minnesota, USA",https://www.amazon.jobs/en/jobs/10476446/account-executive-ii-pubsec-gov-state-local-amazon-business,True,,2026-07-16T00:00:00+00:00,2026-07-16T00:00:00+00:00,published,new,2026-08-28,,
AWS,"Account Executive, CPG Beauty","New York, New York, USA",https://www.amazon.jobs/en/jobs/10481764/account-executive-cpg-beauty,True,2,2026-07-22T00:00:00+00:00,2026-07-22T00:00:00+00:00,published,new,2026-08-28,,
AWS,"Specialty Account Executive, Creator Ad Partnerships","New York, New York, USA",https://www.amazon.jobs/en/jobs/10475310/specialty-account-executive-creator-ad-partnerships,True,5,2026-07-15T00:00:00+00:00,2026-07-15T00:00:00+00:00,published,new,2026-08-28,,
AWS,"Account Executive, Mid-Market, Creator Ad Partnerships","New York, New York, USA",https://www.amazon.jobs/en/jobs/10475896/account-executive-mid-market-creator-ad-partnerships,True,3,2026-07-15T00:00:00+00:00,2026-07-15T00:00:00+00:00,published,new,2026-08-28,,
AWS,"Account Executive, Commercial - Distributed Locations, Hospitality, Amazon Business","Austin, Texas, USA",https://www.amazon.jobs/en/jobs/10474536/account-executive-commercial-distributed-locations-hospitality-amazon-business,True,,2026-07-14T00:00:00+00:00,2026-07-14T00:00:00+00:00,published,new,2026-08-28,,
AWS,"Account Executive, Amazon Ads, Global Growth Sales Accelerate","Chicago, Illinois, USA",https://www.amazon.jobs/en/jobs/10502937/account-executive-amazon-ads-global-growth-sales-accelerate,True,,2026-08-14T00:00:00+00:00,2026-08-14T00:00:00+00:00,published,new,2026-08-28,,
AWS,Cloud Sales Representative,"Arlington, Virginia, USA",https://www.amazon.jobs/en/jobs/10494577/cloud-sales-representative,True,5,2026-08-06T00:00:00+00:00,2026-08-06T00:00:00+00:00,published,new,2026-08-28,,
AWS,Cloud Sales Representative,"Arlington, Virginia, USA",https://www.amazon.jobs/en/jobs/10494579/cloud-sales-representative,True,3,2026-08-06T00:00:00+00:00,2026-08-06T00:00:00+00:00,published,new,2026-08-28,,
Google,"Product Business Development Lead, Android Automotive Partnerships AI","San Jose, CA, USA",https://www.google.com/about/careers/applications/jobs/results/88950203515577030,True,7,2026-08-20T09:08:26+00:00,2026-08-20T09:08:26+00:00,published,new,2026-08-28,,
Google,"Product Business Development Lead, Android Automotive Partnerships Apps","San Jose, CA, USA",https://www.google.com/about/careers/applications/jobs/results/142551395369657030,True,10,2026-08-20T08:40:27+00:00,2026-08-20T08:40:27+00:00,published,new,2026-08-28,,
Google,"Account Executive, Automotive, Large Customer Sales","Detroit, MI, USA",https://www.google.com/about/careers/applications/jobs/results/89103840938205894,True,8,2026-08-28T07:08:26+00:00,2026-08-28T07:08:26+00:00,published,new,2026-08-28,,
Google,"Account Executive, Retail B2B, Large Customer Sales","New York, NY, USA",https://www.google.com/about/careers/applications/jobs/results/101973105387152070,True,8,2026-08-06T08:38:14+00:00,2026-08-06T08:38:14+00:00,published,new,2026-08-28,,
Google,"Account Executive, Small/Medium Businesses, Google Cloud","Austin, TX, USA",https://www.google.com/about/careers/applications/jobs/results/121532594222179014,True,4,2026-08-06T13:10:43+00:00,2026-08-06T13:10:43+00:00,published,new,2026-08-28,,
Google,"Field Sales Representative, ISV, Google Cloud","San Francisco, CA, USA; Sunnyvale, CA, USA",https://www.google.com/about/careers/applications/jobs/results/106025699088704198,True,10,2026-08-05T07:08:52+00:00,2026-08-05T07:08:52+00:00,published,new,2026-08-28,,
Google,"Field Sales Representative, Healthcare and Life Sciences","Chicago, IL, USA; Atlanta, GA, USA; Durham, NC, USA; Raleigh, NC, USA; California, USA; Georgia, USA; Illinois, USA; North Carolina, USA",https://www.google.com/about/careers/applications/jobs/results/94657987418694342,True,10,2026-08-07T12:08:16+00:00,2026-08-07T12:08:16+00:00,published,new,2026-08-28,,
Google,"Field Sales Representative II, Google Cloud","Addison, TX, USA; Houston, TX, USA; Austin, TX, USA",https://www.google.com/about/careers/applications/jobs/results/103105980320883398,True,7,2026-08-04T16:40:56+00:00,2026-08-04T16:40:56+00:00,published,new,2026-08-28,,
Google,"Field Sales Representative Startups, Acquisitions Google Cloud (English)","Seattle, WA, USA",https://www.google.com/about/careers/applications/jobs/results/87563470244848326,True,7,2026-08-20T14:39:25+00:00,2026-08-20T14:39:25+00:00,published,new,2026-08-28,,
Oracle,Applications Sales Representative IV,United States,https://careers.oracle.com/jobs/#en/sites/jobsearch/job/339941,True,,2026-08-26T00:00:00+00:00,2026-08-26T00:00:00+00:00,published,new,2026-08-28,,
Oracle,NetSuite Corporate Account Executive - Construction & Energy,United States,https://careers.oracle.com/jobs/#en/sites/jobsearch/job/343873,True,,2026-08-26T00:00:00+00:00,2026-08-26T00:00:00+00:00,published,new,2026-08-28,,
Oracle,Oracle NetSuite - Account Executive - Mid market - Software East,"New York, NY, United States",https://careers.oracle.com/jobs/#en/sites/jobsearch/job/343826,True,,2026-08-25T00:00:00+00:00,2026-08-25T00:00:00+00:00,published,new,2026-08-28,,
Oracle,Oracle NetSuite - Account Executive - Mid market - Software East,"Burlington, MA, United States",https://careers.oracle.com/jobs/#en/sites/jobsearch/job/343827,True,,2026-08-25T00:00:00+00:00,2026-08-25T00:00:00+00:00,published,new,2026-08-28,,
Oracle,Oracle NetSuite - Account Executive - Corporate - Business Services - East,"Burlington, MA, United States",https://careers.oracle.com/jobs/#en/sites/jobsearch/job/343831,True,,2026-08-25T00:00:00+00:00,2026-08-25T00:00:00+00:00,published,new,2026-08-28,,
Oracle,Oracle NetSuite Corporate Account Executive- Products,United States,https://careers.oracle.com/jobs/#en/sites/jobsearch/job/337150,True,,2026-08-25T00:00:00+00:00,2026-08-25T00:00:00+00:00,published,new,2026-08-28,,
Oracle,Account Executive - Mid Market,"Nashville, TN, United States",https://careers.oracle.com/jobs/#en/sites/jobsearch/job/343764,True,,2026-08-24T00:00:00+00:00,2026-08-24T00:00:00+00:00,published,new,2026-08-28,,
Oracle,Oracle NetSuite Account Executive - Mid Market - Products,United States,https://careers.oracle.com/jobs/#en/sites/jobsearch/job/343737,True,,2026-08-21T00:00:00+00:00,2026-08-21T00:00:00+00:00,published,new,2026-08-28,,
Oracle,Oracle NetSuite Account Executive - Mid Market - Products,United States,https://careers.oracle.com/jobs/#en/sites/jobsearch/job/343742,True,,2026-08-21T00:00:00+00:00,2026-08-21T00:00:00+00:00,published,new,2026-08-28,,
Oracle,"Oracle NetSuite Mid-Market Account Executive - Healthcare, Hospitality, and Life Sciences",United States,https://careers.oracle.com/jobs/#en/sites/jobsearch/job/342031,True,,2026-08-20T00:00:00+00:00,2026-08-20T00:00:00+00:00,published,new,2026-08-28,,
Oracle,Oracle NetSuite - Account Executive - Corporate - Software - East,United States,https://careers.oracle.com/jobs/#en/sites/jobsearch/job/343501,True,,2026-08-20T00:00:00+00:00,2026-08-20T00:00:00+00:00,published,new,2026-08-28,,
Oracle,Account Executive - Mid Market,"Austin, TX, United States",https://careers.oracle.com/jobs/#en/sites/jobsearch/job/343517,True,,2026-08-20T00:00:00+00:00,2026-08-20T00:00:00+00:00,published,new,2026-08-28,,
Oracle,Oracle NetSuite - Account Executive - Mid-Market- Products,United States,https://careers.oracle.com/jobs/#en/sites/jobsearch/job/337148,True,,2026-08-20T00:00:00+00:00,2026-08-20T00:00:00+00:00,published,new,2026-08-28,,
Oracle,Oracle NetSuite Mid-Market Account Executive,United States,https://careers.oracle.com/jobs/#en/sites/jobsearch/job/340257,True,,2026-08-19T00:00:00+00:00,2026-08-19T00:00:00+00:00,published,new,2026-08-28,,
Oracle,Account Executive - Corporate,"Denver, CO, United States",https://careers.oracle.com/jobs/#en/sites/jobsearch/job/341031,True,,2026-08-19T00:00:00+00:00,2026-08-19T00:00:00+00:00,published,new,2026-08-28,,
Oracle,Oracle NetSuite Corporate Account Executive- Products,United States,https://careers.oracle.com/jobs/#en/sites/jobsearch/job/343499,True,,2026-08-19T00:00:00+00:00,2026-08-19T00:00:00+00:00,published,new,2026-08-28,,
Oracle,Oracle NetSuite - Account Executive - Mid-Market- Products,United States,https://careers.oracle.com/jobs/#en/sites/jobsearch/job/337163,True,,2026-08-19T00:00:00+00:00,2026-08-19T00:00:00+00:00,published,new,2026-08-28,,
Oracle,Oracle NetSuite - Account Executive - Mid-Market- Products,"Burlington, MA, United States",https://careers.oracle.com/jobs/#en/sites/jobsearch/job/340517,True,,2026-08-19T00:00:00+00:00,2026-08-19T00:00:00+00:00,published,new,2026-08-28,,
Oracle,Oracle NetSuite - Account Executive - Mid-Market- Products,"Santa Monica, CA, United States",https://careers.oracle.com/jobs/#en/sites/jobsearch/job/342134,True,,2026-08-19T00:00:00+00:00,2026-08-19T00:00:00+00:00,published,new,2026-08-28,,
Oracle,Applications Sales Representative IV,United States,https://careers.oracle.com/jobs/#en/sites/jobsearch/job/339192,True,,2026-08-17T00:00:00+00:00,2026-08-17T00:00:00+00:00,published,new,2026-08-28,,
Oracle,Life Sciences Tech Applications Sales Representative,United States,https://careers.oracle.com/jobs/#en/sites/jobsearch/job/338315,True,,2026-08-16T00:00:00+00:00,2026-08-16T00:00:00+00:00,published,new,2026-08-28,,
Oracle,Applications Sales Representative II,United States,https://careers.oracle.com/jobs/#en/sites/jobsearch/job/340668,True,,2026-08-11T00:00:00+00:00,2026-08-11T00:00:00+00:00,published,new,2026-08-28,,
Oracle,Business Development Consultant 4-Corp Plan,United States,https://careers.oracle.com/jobs/#en/sites/jobsearch/job/342211,True,,2026-08-07T00:00:00+00:00,2026-08-07T00:00:00+00:00,published,new,2026-08-28,,
Oracle,Oracle NetSuite - Account Executive,United States,https://careers.oracle.com/jobs/#en/sites/jobsearch/job/341884,True,,2026-08-03T00:00:00+00:00,2026-08-03T00:00:00+00:00,published,new,2026-08-28,,
Oracle,"Mid-Market Account Executive, Consumer Services — NetSuite",United States,https://careers.oracle.com/jobs/#en/sites/jobsearch/job/341893,True,,2026-08-03T00:00:00+00:00,2026-08-03T00:00:00+00:00,published,new,2026-08-28,,
Oracle,Oracle NetSuite - Account Executive - Mid market - Business Services - West,United States,https://careers.oracle.com/jobs/#en/sites/jobsearch/job/341700,True,,2026-07-31T00:00:00+00:00,2026-07-31T00:00:00+00:00,published,new,2026-08-28,,
Oracle,Applications Sales Representative IV - Arkansas,United States,https://careers.oracle.com/jobs/#en/sites/jobsearch/job/339931,True,,2026-07-24T00:00:00+00:00,2026-07-24T00:00:00+00:00,published,new,2026-08-28,,
Oracle,Applications Sales Representative IV - Kentucky,United States,https://careers.oracle.com/jobs/#en/sites/jobsearch/job/339934,True,,2026-07-24T00:00:00+00:00,2026-07-24T00:00:00+00:00,published,new,2026-08-28,,
Oracle,Oracle NetSuite - Account Executive - Mid market - Software West,United States,https://careers.oracle.com/jobs/#en/sites/jobsearch/job/340810,True,,2026-07-23T00:00:00+00:00,2026-07-23T00:00:00+00:00,published,new,2026-08-28,,
Oracle,Business Development Consultant 3-Corp Plan,United States,https://careers.oracle.com/jobs/#en/sites/jobsearch/job/340607,True,,2026-07-21T00:00:00+00:00,2026-07-21T00:00:00+00:00,published,new,2026-08-28,,
Oracle,Healthcare Sales Representative II,United States,https://careers.oracle.com/jobs/#en/sites/jobsearch/job/340669,True,,2026-07-21T00:00:00+00:00,2026-07-21T00:00:00+00:00,published,new,2026-08-28,,
Oracle,Business Development Consultant 4-Corp Plan,United States,https://careers.oracle.com/jobs/#en/sites/jobsearch/job/340353,True,,2026-07-20T00:00:00+00:00,2026-07-20T00:00:00+00:00,published,new,2026-08-28,,
Oracle,Business Development Consultant 4-Corp Plan,United States,https://careers.oracle.com/jobs/#en/sites/jobsearch/job/340354,True,,2026-07-20T00:00:00+00:00,2026-07-20T00:00:00+00:00,published,new,2026-08-28,,
Oracle,Business Development Consultant 4-Corp Plan,United States,https://careers.oracle.com/jobs/#en/sites/jobsearch/job/340386,True,,2026-07-20T00:00:00+00:00,2026-07-20T00:00:00+00:00,published,new,2026-08-28,,
Oracle,Business Development Consultant 4-Corp Plan,"San Francisco, CA, United States",https://careers.oracle.com/jobs/#en/sites/jobsearch/job/340392,True,,2026-07-20T00:00:00+00:00,2026-07-20T00:00:00+00:00,published,new,2026-08-28,,
Oracle,"Oracle NetSuite Mid-Market Account Executive - Austin, TX","Austin, TX, United States",https://careers.oracle.com/jobs/#en/sites/jobsearch/job/340207,True,,2026-07-17T00:00:00+00:00,2026-07-17T00:00:00+00:00,published,new,2026-08-28,,
Oracle,"Oracle NetSuite Mid-Market Account Executive - Santa Monica, CA","Santa Monica, CA, United States",https://careers.oracle.com/jobs/#en/sites/jobsearch/job/340208,True,,2026-07-17T00:00:00+00:00,2026-07-17T00:00:00+00:00,published,new,2026-08-28,,
Oracle,"Oracle NetSuite Mid-Market Account Executive - Chicago, IL","Chicago, IL, United States",https://careers.oracle.com/jobs/#en/sites/jobsearch/job/340209,True,,2026-07-17T00:00:00+00:00,2026-07-17T00:00:00+00:00,published,new,2026-08-28,,
Oracle,"Oracle NetSuite Mid-Market Account Executive - Denver, CO","Denver, CO, United States",https://careers.oracle.com/jobs/#en/sites/jobsearch/job/340210,True,,2026-07-17T00:00:00+00:00,2026-07-17T00:00:00+00:00,published,new,2026-08-28,,
Oracle,"Oracle NetSuite Mid-Market Account Executive - Burlington, MA","Burlington, MA, United States",https://careers.oracle.com/jobs/#en/sites/jobsearch/job/340213,True,,2026-07-17T00:00:00+00:00,2026-07-17T00:00:00+00:00,published,new,2026-08-28,,
Oracle,"Oracle NetSuite Mid-Market Account Executive - Nashville, TN","Nashville, TN, United States",https://careers.oracle.com/jobs/#en/sites/jobsearch/job/340212,True,,2026-07-17T00:00:00+00:00,2026-07-17T00:00:00+00:00,published,new,2026-08-28,,
Oracle,Account Executive - Mid Market,"Austin, TX, United States",https://careers.oracle.com/jobs/#en/sites/jobsearch/job/340171,True,,2026-07-17T00:00:00+00:00,2026-07-17T00:00:00+00:00,published,new,2026-08-28,,
Oracle,Oracle NetSuite Account Executive - Mid Market - Products,United States,https://careers.oracle.com/jobs/#en/sites/jobsearch/job/340258,True,,2026-07-17T00:00:00+00:00,2026-07-17T00:00:00+00:00,published,new,2026-08-28,,
Oracle,Oracle NetSuite - Account Executive - Mid market - Software West,United States,https://careers.oracle.com/jobs/#en/sites/jobsearch/job/339910,True,,2026-07-15T00:00:00+00:00,2026-07-15T00:00:00+00:00,published,new,2026-08-28,,
ServiceNow,Associate New Logo Account Executive,"Atlanta, GEORGIA, USA",https://jobs.smartrecruiters.com/ServiceNow/744000145373139,True,,2026-08-24T22:18:45.533000+00:00,2026-08-24T22:18:45.533000+00:00,published,new,2026-08-28,,
ServiceNow,Business Development Representative,"West Palm Beach, FLORIDA, USA",https://jobs.smartrecruiters.com/ServiceNow/744000143376650,True,,2026-08-13T18:53:07.838000+00:00,2026-08-13T18:53:07.838000+00:00,published,new,2026-08-28,,
ServiceNow,Business Development Representative,"Boston, MASSACHUSETTS, USA",https://jobs.smartrecruiters.com/ServiceNow/744000143376659,True,,2026-08-13T18:51:46.341000+00:00,2026-08-13T18:51:46.341000+00:00,published,new,2026-08-28,,
ServiceNow,Business Development Representative ,"San Diego, CALIFORNIA, USA",https://jobs.smartrecruiters.com/ServiceNow/744000143376218,True,,2026-08-13T18:47:53.725000+00:00,2026-08-13T18:47:53.725000+00:00,published,new,2026-08-28,,
Salesforce,"Business Development Associate, Early Career",Illinois - Chicago,https://salesforce.wd12.myworkdayjobs.com/External_Career_Site/job/Illinois---Chicago/Business-Development-Associate_JR347430-1,True,,2026-08-27T00:00:00+00:00,2026-08-27T00:00:00+00:00,published,new,2026-08-28,,
Salesforce,Qualified SMB Account Executive,"California - Remote; Florida - Remote; New Jersey - Remote; Virginia - Remote; Illinois - Chicago Metro - Remote; Colorado - Remote; Texas - Austin Metro - Remote; Texas - Dallas Metro - Remote; Georgia - Remote; New York - New York City Metro - Remote; Texas - Houston Metro - Remote; US, Remote; Wisconsin - Remote; Georgia - Atlanta Metro - Remote",https://salesforce.wd12.myworkdayjobs.com/External_Career_Site/job/California---Remote/Qualified-SMB-Account-Executive_JR354059,True,,2026-08-20T00:00:00+00:00,2026-08-20T00:00:00+00:00,published,new,2026-08-28,,
Salesforce,"Account Executive, Small Business: Non-Profit",Illinois - Chicago; Georgia - Atlanta,https://salesforce.wd12.myworkdayjobs.com/External_Career_Site/job/Illinois---Chicago/Account-Executive--Small-Business--Non-Profit_JR341183,True,,2026-08-18T00:00:00+00:00,2026-08-18T00:00:00+00:00,published,new,2026-08-28,,
Salesforce,"Commercial Account Executive, Agentforce & D360",New York - New York; Illinois - Chicago; Washington D.C. - Remote; Texas - Dallas; Colorado - Denver; Georgia - Atlanta; Indiana - Indianapolis; Texas - Austin; California - San Francisco,https://salesforce.wd12.myworkdayjobs.com/External_Career_Site/job/New-York---New-York/Commercial-Account-Executive--Agentforce_JR279827,True,,2026-08-17T00:00:00+00:00,2026-08-17T00:00:00+00:00,published,new,2026-08-28,,
Salesforce,"Account Executive, Sales Performance Management - Commercial",Illinois - Chicago; Massachusetts - Boston; New York - New York; Georgia - Atlanta; Texas - Austin; Texas - Dallas,https://salesforce.wd12.myworkdayjobs.com/External_Career_Site/job/Illinois---Chicago/Commercial---Enterprise-Account-Executive--Sales-Performance-Management_JR291423,True,,2026-08-12T00:00:00+00:00,2026-08-12T00:00:00+00:00,published,new,2026-08-28,,
Salesforce,"Account Executive - Data Foundation (MuleSoft + Informatica), Higher Education",Illinois - Chicago; Arizona - Remote; Indiana - Remote; Colorado - Remote; Georgia - Remote; California - Remote; Illinois - Remote; Texas - Remote,https://salesforce.wd12.myworkdayjobs.com/External_Career_Site/job/Illinois---Chicago/Account-Executive---Data-Foundation--MuleSoft---Informatica---Higher-Education_JR351949,True,,2026-08-06T00:00:00+00:00,2026-08-06T00:00:00+00:00,published,new,2026-08-28,,
Salesforce,Commercial Account Executive - Data Foundation (MuleSoft + Informatica),Georgia - Atlanta; Illinois - Chicago; New York - New York; Texas - Austin; Texas - Dallas; California - San Francisco,https://salesforce.wd12.myworkdayjobs.com/External_Career_Site/job/Georgia---Atlanta/Commercial--Prime-Territory-Account-Executive--MuleSoft_JR297762-1,True,,2026-08-05T00:00:00+00:00,2026-08-05T00:00:00+00:00,published,new,2026-08-28,,
Salesforce,"Territory Account Executive, Non-Profit: Growth Business",California - San Francisco; Illinois - Chicago; New York - New York; District of Columbia - Washington; Colorado - Denver; Georgia - Atlanta; Indiana - Indianapolis; Virginia - Mclean,https://salesforce.wd12.myworkdayjobs.com/External_Career_Site/job/California---San-Francisco/Territory-Account-Executive--Non-Profit--Growth-Business_JR341033,True,,2026-08-03T00:00:00+00:00,2026-08-03T00:00:00+00:00,published,new,2026-08-28,,
Salesforce,Account Executive - Mulesoft - S&L,Georgia - Atlanta; Florida - Tampa Metro - Remote,https://salesforce.wd12.myworkdayjobs.com/External_Career_Site/job/Georgia---Atlanta/Account-Executive---Mulesoft---S-L_JR352985,True,,2026-07-29T00:00:00+00:00,2026-07-29T00:00:00+00:00,published,new,2026-08-28,,
Salesforce,"Small, Medium and Growth Business - Account Executive - San Francisco",California - San Francisco,https://salesforce.wd12.myworkdayjobs.com/External_Career_Site/job/California---San-Francisco/Small--Medium-and-Growth-Business---Account-Executive---San-Francisco_JR283068,True,,2026-07-29T00:00:00+00:00,2026-07-29T00:00:00+00:00,published,new,2026-08-28,,
Salesforce,SMB Account Executive - Data Foundation (Informatica + MuleSoft),New York - New York,https://salesforce.wd12.myworkdayjobs.com/External_Career_Site/job/New-York---New-York/SMB-Account-Executive-Data-Foundations--Informatica---MuleSoft-_JR347097,True,,2026-07-28T00:00:00+00:00,2026-07-28T00:00:00+00:00,published,new,2026-08-28,,
Salesforce,SMB Account Executive Data Foundation (Informatica + MuleSoft),California - San Francisco,https://salesforce.wd12.myworkdayjobs.com/External_Career_Site/job/California---San-Francisco/SMB-Account-Executive-Data-Foundations--Informatica---MuleSoft-_JR347125,True,,2026-07-24T00:00:00+00:00,2026-07-24T00:00:00+00:00,published,new,2026-08-28,,
Salesforce,"Small, Medium and Growth Business - Account Executive - Denver",Colorado - Denver,https://salesforce.wd12.myworkdayjobs.com/External_Career_Site/job/Colorado---Denver/Small--Medium-and-Growth-Business---Account-Executive---Denver_JR292909,True,,2026-07-15T00:00:00+00:00,2026-07-15T00:00:00+00:00,published,new,2026-08-28,,
Workday,Sana Account Executive - New York,"USA, NY, New York City",https://workday.wd5.myworkdayjobs.com/Workday/job/USA-NY-New-York-City/Account-Executive---New-York_JR-0104569,True,,2026-08-04T00:00:00+00:00,2026-08-04T00:00:00+00:00,published,new,2026-08-28,,
Workday,Account Executive - Customer Base LE,"USA, GA, Atlanta",https://workday.wd5.myworkdayjobs.com/Workday/job/USA-GA-Atlanta/Account-Executive---Customer-Base-LE_JR-0107540,True,4,2026-07-16T00:00:00+00:00,2026-07-16T00:00:00+00:00,published,new,2026-08-28,,
Workday,Sana Account Executive- Boston,"USA, MA, Remote",https://workday.wd5.myworkdayjobs.com/Workday/job/USA-MA-Remote/Sana-Account-Executive--Boston_JR-0108825,True,,2026-07-16T00:00:00+00:00,2026-07-16T00:00:00+00:00,published,new,2026-08-28,,
Workday,Account Executive - Customer Base LE,"USA, TX, Frisco; USA, AR, Home Office; USA, OK, Home Office; USA, LA, Home Office",https://workday.wd5.myworkdayjobs.com/Workday/job/USA-TX-Frisco/Account-Executive---Customer-Base-LE_JR-0107549-1,True,4,2026-07-15T00:00:00+00:00,2026-07-15T00:00:00+00:00,published,new,2026-08-28,,
Adobe,Business Development Representative,San Francisco; Denver; McLean; San Jose; Lehi; Los Angeles,https://adobe.wd5.myworkdayjobs.com/external_experienced/job/San-Francisco/Business-Development-Representative_R171069,True,,2026-08-14T00:00:00+00:00,2026-08-14T00:00:00+00:00,published,new,2026-08-28,,
Adobe,Business Development Representative,San Jose; San Francisco,https://adobe.wd5.myworkdayjobs.com/external_experienced/job/San-Jose/Business-Development-Representative_R170489-1,True,,2026-07-23T00:00:00+00:00,2026-07-23T00:00:00+00:00,published,new,2026-08-28,,
HPE,Inside Sales Presales Engineer,"All, Texas, United States of America; All, Colorado, United States of America; All, North Carolina, United States of America",https://hpe.wd5.myworkdayjobs.com/Jobsathpe/job/All-Texas-United-States-of-America/Inside-Sales-Presales-Engineer_1210659-2,True,,2026-08-25T00:00:00+00:00,2026-08-25T00:00:00+00:00,published,new,2026-08-28,,
Datadog,Sales Development Representative - Boston,"Boston, Massachusetts, USA",https://careers.datadoghq.com/detail/6741571/?gh_jid=6741571,True,,2025-03-26T14:42:16-04:00,2026-08-27T16:40:41-04:00,updated,new,2026-08-28,,
Datadog,Sales Development Representative - Denver,"Denver, Colorado, USA",https://careers.datadoghq.com/detail/7137624/?gh_jid=7137624,True,,2025-08-06T11:39:29-04:00,2026-08-28T08:55:30-04:00,updated,new,2026-08-28,,
Stripe,"Account Executive, AI Sales","San Francisco, CA",https://stripe.com/jobs/search?gh_jid=7532733,True,13,2026-02-03T15:19:01-05:00,2026-08-25T17:40:40-04:00,updated,new,2026-08-28,,
Stripe,"Account Executive, Platforms (Hunter) ","Chicago, Illinois",https://stripe.com/jobs/search?gh_jid=7298935,True,5,2025-10-06T09:47:46-04:00,2026-08-24T14:17:40-04:00,updated,new,2026-08-28,,
ZoomInfo,Future Account Executive Opportunities,"Bethesda, Maryland, United States; Vancouver, Washington, United States; Waltham, Massachusetts, United States",https://www.zoominfo.com/careers?gh_jid=8424944002,,,2026-02-16T16:28:12-05:00,2026-08-14T14:20:35-04:00,updated,new,2026-08-28,,
ZoomInfo,"New Business Account Executive, Mid Market ","Bethesda, Maryland, United States; Vancouver, Washington, United States; Waltham, Massachusetts, United States",https://www.zoominfo.com/careers?gh_jid=8479406002,,3,2026-03-25T11:45:50-04:00,2026-08-20T17:58:07-04:00,updated,new,2026-08-28,,
ZoomInfo,Sales Development Representative I,"Bethesda, Maryland, United States; Vancouver, Washington, United States; Waltham, Massachusetts, United States",https://www.zoominfo.com/careers?gh_jid=8494771002,,,2026-04-06T08:28:38-04:00,2026-08-24T13:10:08-04:00,updated,new,2026-08-28,,
ZoomInfo,SMB New Business Account Executive,"Bethesda, Maryland, United States; Vancouver, Washington, United States; Waltham, Massachusetts, United States",https://www.zoominfo.com/careers?gh_jid=8589855002,,1,2026-06-12T12:04:17-04:00,2026-08-14T14:20:35-04:00,updated,new,2026-08-28,,
Toast,"Territory Account Executive , Retail - Blacksburg, VA","Blacksburg, VA",https://careers.toasttab.com/jobs?gh_jid=8060749,True,,2026-07-13T17:00:04-04:00,2026-08-24T10:43:34-04:00,updated,new,2026-08-28,,
Toast,"Territory Account Executive , Retail - Roanoke, VA","Roanoke, VA",https://careers.toasttab.com/jobs?gh_jid=8060752,True,,2026-07-13T17:15:00-04:00,2026-08-24T10:43:29-04:00,updated,new,2026-08-28,,
Toast,"Territory Account Executive , Retail - Salem, VA","Salem, VA",https://careers.toasttab.com/jobs?gh_jid=8048975,True,,2026-07-13T08:15:00-04:00,2026-08-24T10:43:31-04:00,updated,new,2026-08-28,,
Databricks,Startup Account Executive,"Chicago, Illinois; San Francisco, California",https://databricks.com/company/careers/open-positions/job?gh_jid=8103500002,True,1,2025-08-05T17:04:25-04:00,2026-08-27T16:19:08-04:00,updated,new,2026-08-28,,
